Description,Location,brgy_clean,city_clean,PRICE,Bedrooms,Bathrooms,"Floor Area","Land Area",Latitude,Longitude,row_id
"Preselling 2-Storey Townhouses in Village East Executive Subdivision, Cainta","Santo Domingo, Cainta","Santo Domingo",Cainta,9500000,4,3,144,136,14.58234080,121.11804380,1
"Affordable House & Lot with Complete Amenities for Sale in Santa Maria, Bulacan","San Vicente, Santa Maria","San Vicente","Santa Maria",4400000,3,2,63.2,80,14.80771540,121.00240160,2
"5BR 2-Storey House and Lot for Sale in Tarlac City at Camella Tarlac | Ella 110sqm","Camella Tarlac Access Rd. Maliwalo, Tarlac","Camella Tarlac Access Rd. Maliwalo",Tarlac,7810000,5,3,100,110,NULL,NULL,3
"Futura Homes Zamboanga | Amber 2BR Townhouse End Unit for Sale in Zamboanga City | Futura by Filinvest","Zambowood Rd. Boalan, Zamboanga","Zambowood Rd. Boalan",Zamboanga,3275000,2,1,40.32,78.4,6.94838850,122.11488890,5
"Springfield View | Molave House and Lot for Sale in Tanza, Cavite | Futura by Filinvest","Remulla Drive Tanza-Naic Rd. Sahud Ulan, Tanza","Remulla Drive Tanza-Naic Rd. Sahud Ulan",Tanza,3167300,0,0,39.64,100,NULL,NULL,6
"2BR 2-Storey Townhouse for Sale at Marytown Place Ph2 in Santa Maria, Bulacan | Inner Unit (IRIS)","Santa Maria-San Jose Rd. Bulac, Santa Maria","Santa Maria-San Jose Rd. Bulac","Santa Maria",1800000,2,2,52,40,NULL,NULL,7
"5BR 2-Storey House and Lot for Sale in Subic, Zambales at Camella Subic | Freya 121sqm","Aningway Sacatihan, Subic","Aningway Sacatihan",Subic,8428000,5,3,142,121,14.91317810,120.22824210,8
"2-Bedroom House and Lot For Sale in Camella Pili","Zone 1 Brgy. Cadlan Pili Camarines Sur Cadlan, Pili","Zone 1 Brgy. Cadlan Pili Camarines Sur Cadlan",Pili,3565000,2,1,46,63,NULL,NULL,9
"3BR 3-Storey Townhouse for Sale near Alabang in Likha Residences, Muntinlupa | End Unit (Garden Unit)","Km. 19 West Service Rd. Cupang, Muntinlupa","Km. 19 West Service Rd. Cupang",Muntinlupa,28650000,3,3,219.3,90,14.42700050,121.04527820,10
"3-Bedroom House for Sale in Mexico, Pampanga at The Lakeshore | Akan Model","Km.71, North Luzon Expressway Panipuan, Mexico","North Luzon Expressway Panipuan",Mexico,3500000,3,2,102.39,154,15.09418480,120.67015830,11
"3BR 2-Storey Townhouse for Sale in Davao City, Davao del Sur at PHINMA Maayo Tugbok | Bulan Model","Tugbok, Davao",Tugbok,Davao,5300000,3,2,70.27,67,7.10353830,125.49484670,12
"2 bedroom Townhouse for Sale in San Rafael, Bulacan at Primeworld Enclave","Caingin, San Rafael",Caingin,"San Rafael",1800000,2,1,46,41,14.97174670,120.94344310,13
"4BR 2-Storey House and Lot for Sale in Cabanatuan, Nueva Ecija at Camella Nueva Ecija | Dana 99sqm","Emilio Vergara Hwy Santa Arcadia, Cabanatuan","Emilio Vergara Hwy Santa Arcadia",Cabanatuan,7337000,4,3,85,99,15.47107790,120.98213120,14
"Luxury 2 Storey Residential House  Sun Valley Parañaque City","Sun Valley, Paranaque","Sun Valley",Paranaque,45001005,6,5,337,350,14.48884150,121.03251730,15
"3-Bedroom House and Lot for Sale in Pavia Iloilo at Parc Regency Residences | STEPHANIE Model","Ungka II, Pavia","Ungka II",Pavia,4080345,3,2,52,80,10.75290060,122.53760290,16
"5BR 2-Storey House and Lot for Sale in Subic, Zambales at Camella Subic | Freya 176sqm","Aningway Sacatihan, Subic","Aningway Sacatihan",Subic,10082000,5,3,142,176,14.91317810,120.22824210,17
"2BR 2-Storey Townhouse for Sale in San Rafael, Bulacan at Primeworld Enclave","Caingin, San Rafael",Caingin,"San Rafael",1800000,2,1,46,41,14.97174670,120.94344310,18
"4BR Single Detached House and Lot for Sale in Lipa, Batangas | The Villages at Lipa - Sierra Village, SD119","Bugtong Na Pulo, Lipa","Bugtong Na Pulo",Lipa,7500000,4,3,119,150,13.99843080,121.16745920,19
"3-Bedroom Townhouse for Sale in General Trias, Cavite at Lancaster New City | ALICE Model","Pasong Camachile I, General Trias","Pasong Camachile I","General Trias",2292960,3,1,40,40,14.37232070,120.89767450,20
"For Sale 2BR 2-Storey House and Lot in Tarlac City at Camella Tarlac | Bella 88sqm","Camella Tarlac Access Rd. Maliwalo, Tarlac","Camella Tarlac Access Rd. Maliwalo",Tarlac,5251000,2,2,53,88,NULL,NULL,21
"3-Bedroom Townhouse for Sale in Tanza, Cavite at Micara Estates | PORTIA Typical End Unit w/ Fence","Antero Soriano Highway Sahud Ulan, Tanza","Antero Soriano Highway Sahud Ulan",Tanza,2258057,3,1,45,62,14.36674900,120.81844750,22
"5BR 2-Storey House and Lot for Sale in Tarlac City at Camella Tarlac | Greta w/ CB 176sqm","Camella Tarlac Access Rd. Maliwalo, Tarlac","Camella Tarlac Access Rd. Maliwalo",Tarlac,11757000,5,3,166,176,NULL,NULL,23
"2-Bedroom 2-Storey Townhouse for Sale in Mabalacat, Pampanga at Talanai Homes | MAHOGANY","Sapang Biabas, Mabalacat","Sapang Biabas",Mabalacat,1400000,2,1,40,40,15.19877520,120.60261010,24
"Townhouse with 3 Bedrooms for Sale in Davao City, Davao del Sur at PHINMA Maayo Tugbok | Bulan Model","Tugbok, Davao",Tugbok,Davao,5300000,3,2,70.27,67,7.10353830,125.49484670,25
"Likha Residences | Pre-selling 3BR 3-Storey Townhouse for Sale near Alabang in Muntinlupa | Typical Unit","Cupang, Muntinlupa",Cupang,Muntinlupa,32342000,3,3,247.4,93,14.43788430,121.05032120,26
"3BR 3-Storey Townhouse for Sale near Alabang in Likha Residences, Muntinlupa | End Unit (Garden Unit)","Km. 19 West Service Rd. Cupang, Muntinlupa","Km. 19 West Service Rd. Cupang",Muntinlupa,26393000,3,3,219.3,91,14.42700050,121.04527820,27
"3-Bedroom Townhouse for Sale in General Trias, Cavite at Lancaster New City | ANICA Model","Pasong Camachile I, General Trias","Pasong Camachile I","General Trias",2389000,3,1,50,50,14.37232070,120.89767450,28
"5BR 2-Storey House and Lot for Sale in Subic, Zambales at Camella Subic | Greta 246sqm","Aningway Sacatihan, Subic","Aningway Sacatihan",Subic,12772000,5,3,166,246,14.91317810,120.22824210,29
"4-Bedroom Townhouse for Sale in Imus, Cavite at Lancaster New City | ADELLE Model","Alapan II-A, Imus","Alapan II-A",Imus,3336800,4,2,70,60,14.40845220,120.89649560,47
"BIG DISCOUNT (up to 500k)! For Sale 3BR Single Attached House and Lot at PTC Suncrest in Imus, Cavite | Rosanna Model","Carsadang Bago I, Imus","Carsadang Bago I",Imus,5234791,3,2,75,112,14.42891860,120.92888800,62
"5BR 2-Storey House and Lot for Sale in Malolos, Bulacan at Camella Provence | Freya","Longos, Malolos",Longos,Malolos,12069000,5,3,142,176,14.87426000,120.79153360,64
"2BR 2-Storey Townhouse for Sale in DasmariÃ±as, Cavite | The Villas at DasmariÃ±as Highlands","Aguinaldo Highway San Agustin I, Dasmarinas","Aguinaldo Highway San Agustin I",Dasmarinas,3267000,2,2,76.18,66,14.32142710,120.94188000,65
"3-Bedroom Townhouse for Sale in Imus, Cavite at Lancaster New City | ALICE Model","Alapan II-A, Imus","Alapan II-A",Imus,2292960,3,1,40,40,14.40845220,120.89649560,66
"5BR 2-Storey House and Lot for Sale in Malolos, Bulacan at Camella Provence | Greta","Longos, Malolos",Longos,Malolos,12902000,5,3,166,176,14.87426000,120.79153360,67
"4-Bedroom House and Lot for Sale in Pavia Iloilo at Parc Regency Residences | AMANDA Model","Ungka II, Pavia","Ungka II",Pavia,6379520,4,3,100,120,10.75290060,122.53760290,68
"Tierra Vista | Crissa 2BR House - Inner Unit for Sale in San Rafael, Bulacan | Futura by Filinvest","San Rafael Estates San Roque, San Rafael","San Rafael Estates San Roque","San Rafael",1979000,2,1,38.88,41.4,NULL,NULL,69
"1BR Rowhouse for Sale at Marytown Place in Santa Maria Bulacan | Bare 2-Storey Corner Unit (ROSE)","Santa Maria-San Jose Rd. Bulac, Santa Maria","Santa Maria-San Jose Rd. Bulac","Santa Maria",1675000,1,1,44,40,NULL,NULL,70
"1BR Rowhouse for Sale at Marytown Place in Santa Maria Bulacan | Bare 2-Storey End Unit (ROSE)","Santa Maria-San Jose Rd. Bulac, Santa Maria","Santa Maria-San Jose Rd. Bulac","Santa Maria",1675000,1,1,44,40,NULL,NULL,71
"3BR House and Lot for Sale in San Jose, Batangas at PHINMA Maayo San Jose | Salva Premier, 500K Discount Promo + Appliance Bundle!","President Jose P. Laurel Hwy Banaybanay II, San Jose","President Jose P. Laurel Hwy Banaybanay II","San Jose",7400000,3,3,125,0,13.91842350,121.10549480,72
"RFO 2BR 2-Storey House and Lot for Sale in Subic, Zambales at Camella Subic | Angeli SF","Aningway Sacatihan, Subic","Aningway Sacatihan",Subic,2605000,2,1,42,54,14.91317810,120.22824210,73
"4BR 2-Storey Single Attached House and Lot for Sale in Compostela, Cebu at Amoa | Asta Model","Tamiao, Compostela",Tamiao,Compostela,7021000,4,2,82,120,10.43828840,123.99472490,74
"3-Bedroom House for Sale in Mexico, Pampanga at The Lakeshore | Como Model","Km.71, North Luzon Expressway Panipuan, Mexico","North Luzon Expressway Panipuan",Mexico,2747500,3,2,78.54,154,15.09418480,120.67015830,75
"3BR 3-Storey Townhouse for Sale near Alabang in Likha Residences, Muntinlupa | Typical Unit","Km. 19 West Service Rd. Cupang, Muntinlupa","Km. 19 West Service Rd. Cupang",Muntinlupa,32184000,3,3,247.4,92,14.42700050,121.04527820,76
"4BR 2-Storey House and Lot for Sale in Malolos, Bulacan at Camella Provence | Dana w/ CB","Longos, Malolos",Longos,Malolos,7798000,4,3,85,110,14.87426000,120.79153360,77
"4-Bedroom House and Lot for Sale in Kawit, Cavite at Lancaster New City | BRIANA Model","San Sebastian, Kawit","San Sebastian",Kawit,6756360,4,3,110,100,14.41297930,120.88866770,79
"3-Bedroom 2-Storey House and Lot for Sale in Mabalacat, Pampanga at Talanai Homes | AGOHO","Sapang Biabas, Mabalacat","Sapang Biabas",Mabalacat,2706500,3,2,62,65,15.19877520,120.60261010,81
"3-Bedroom Townhouse for Sale in Imus, Cavite at Lancaster New City | ANICA Model","Alapan II-A, Imus","Alapan II-A",Imus,2389000,3,1,50,50,14.40845220,120.89649560,82
"Single Detached House for Sale near EVIA and MCX, Muntinlupa","Victoria South Alabang Tunasan, Muntinlupa","Victoria South Alabang Tunasan",Muntinlupa,13500000,3,2,140,240,NULL,NULL,83
"4-Bedroom House and Lot for Sale in General Trias, Cavite at Lancaster New City | ALEXANDRA Model","Pasong Camachile I, General Trias","Pasong Camachile I","General Trias",7410000,4,3,100,120,14.37232070,120.89767450,84
"[05422-T-259] House & Lot for sale in Northfields Executive Village at Malolos Bulacan","Lot 14 Block 26 J Abad Santos Street Northfields Executive Village Phase 1 Barangay Longos Malolos Bulacan Longos, Malolos","Lot 14 Block 26 J Abad Santos Street Northfields Executive Village Phase 1 Barangay Longos Malolos Bulacan Longos",Malolos,5900000,3,6,232.89,200,NULL,NULL,85
"3BR Single Attached House and Lot for Sale in Mexico, Pampanga at Ajoya Pampanga","Eden, Mexico",Eden,Mexico,4113000,3,2,72,88,15.12625290,120.65801310,86
"Pre-selling 3BR 3-Storey Townhouse for Sale near Alabang in Likha Residences, Muntinlupa | Unit Facing Clubhouse","Km. 19 West Service Rd. Cupang, Muntinlupa","Km. 19 West Service Rd. Cupang",Muntinlupa,31706000,3,3,247.4,92,14.42700050,121.04527820,87
"1BR Rowhouse for Sale at Marytown Place in Santa Maria Bulacan | Bare 2-Storey Inner Unit (ROSE)","Santa Maria-San Jose Rd. Bulac, Santa Maria","Santa Maria-San Jose Rd. Bulac","Santa Maria",1675000,1,1,44,40,NULL,NULL,88
"3BR 3-Storey Townhouse for Sale near Alabang in Likha Residences, Muntinlupa | End Unit (Garden Unit)","Km. 19 West Service Rd. Cupang, Muntinlupa","Km. 19 West Service Rd. Cupang",Muntinlupa,28804000,3,3,219.3,91,14.42700050,121.04527820,89
"3-Bedroom House and Lot for Sale in Imus, Cavite at Lancaster New City | GABRIELLE Model","Alapan II-A, Imus","Alapan II-A",Imus,6650000,3,2,84,120,14.40845220,120.89649560,90
"Townhouse for Sale in San Rafael, Bulacan at Primeworld Enclave","Caingin, San Rafael",Caingin,"San Rafael",1800000,2,1,46,41,14.97174670,120.94344310,91
"3BR 3-Storey Townhouse for Sale near Alabang in Likha Residences, Muntinlupa | End Unit (Garden Unit)","Km. 19 West Service Rd. Cupang, Muntinlupa","Km. 19 West Service Rd. Cupang",Muntinlupa,28678000,3,3,219.3,91,14.42700050,121.04527820,92
"2-Bedroom House for Sale in Mexico, Pampanga at The Lakeshore | Imperial Model","Km.71, North Luzon Expressway Panipuan, Mexico","North Luzon Expressway Panipuan",Mexico,1837500,2,2,52.5,154,15.09418480,120.67015830,93
"3BR 3-Storey Townhouse for Sale near Alabang in Likha Residences, Muntinlupa | End Unit (Garden Unit)","Km. 19 West Service Rd. Cupang, Muntinlupa","Km. 19 West Service Rd. Cupang",Muntinlupa,27676000,3,3,219.3,91,14.42700050,121.04527820,94
"2BR Townhouse for Sale in Lipa, Batangas | The Villages at Lipa - Brook Village, TH53","Bugtong Na Pulo, Lipa","Bugtong Na Pulo",Lipa,4000000,2,1,53,52,13.99843080,121.16745920,95
"3-Bedroom Townhouse for Sale in Imus, Cavite at Lancaster New City | THEA Model","Alapan II-A, Imus","Alapan II-A",Imus,2632250,3,2,60,50,14.40845220,120.89649560,97
"4-Bedroom House and Lot for Sale in Pavia, Iloilo at Parc Regency Residences | OLIVE Model","Ungka II, Pavia","Ungka II",Pavia,5337920,4,2,80,120,10.75290060,122.53760290,98
"3-Bedroom Townhouse for Sale in Kawit, Cavite at Lancaster New City | ALICE Model","San Sebastian, Kawit","San Sebastian",Kawit,2292960,3,1,40,40,14.41297930,120.88866770,99
"3BR 2-Storey Single Attached House and Lot for Sale in Tanza, Cavite | Las Brisas at Tierra del Sol","Governor's Dr. Tanauan, Tanza","Governor's Dr. Tanauan",Tanza,4337472,3,2,112.5,72,NULL,NULL,100
"For Sale 3BR 2-Storey Single Attached House and Lot in Tanza, Cavite | Las Brisas at Tierra del Sol","Governor's Dr. Tanauan, Tanza","Governor's Dr. Tanauan",Tanza,4337472,3,2,112.5,72,NULL,NULL,101
"2BR 2-Storey Townhouse for Sale in Brgy. Caypombo, Santa Maria, Bulacan at Las Palmas","Cay Pombo, Santa Maria","Cay Pombo","Santa Maria",2178000,2,1,44,36,14.85169485,120.97937680,102
"2BR 2-Storey Townhouse for Sale in Davao City, Davao del Sur at PHINMA Maayo Tugbok | Adlaw Model","Tugbok, Davao",Tugbok,Davao,3600000,2,2,48.26,50,7.10353830,125.49484670,103
"3-Bedroom Townhouse for Sale in Tanza, Cavite at Micara Estates | PORTIA Typical Corner Unit w/ Fence","Antero Soriano Highway Sahud Ulan, Tanza","Antero Soriano Highway Sahud Ulan",Tanza,2839149,3,1,45,62,14.36674900,120.81844750,104
"3-Bedroom Townhouse for Sale in General Trias, Cavite at Lancaster New City | THEA Model","Pasong Camachile I, General Trias","Pasong Camachile I","General Trias",2632250,3,2,60,50,14.37232070,120.89767450,105
"2BR House and Lot for Sale in Mexico, Pampanga | Parklane at The Lakeshore, Imperial","San Rafael, Mexico","San Rafael",Mexico,1837500,2,2,52.5,0,15.08749590,120.67423930,106
"4-Bedroom Townhouse for Sale in Kawit, Cavite at Lancaster New City | ADELLE Model","San Sebastian, Kawit","San Sebastian",Kawit,3336800,4,2,70,60,14.41297930,120.88866770,107
"3-Bedroom House for Sale in Mexico, Pampanga at The Lakeshore | Hyde Model","Km.71, North Luzon Expressway Panipuan, Mexico","North Luzon Expressway Panipuan",Mexico,2705850,3,2,77.31,154,15.09418480,120.67015830,108
"For Sale 2-Bedroom 2-Storey Townhouse in Mabalacat, Pampanga at Talanai Homes | MAHOGANY","Sapang Biabas, Mabalacat","Sapang Biabas",Mabalacat,1400000,2,1,40,40,15.19877520,120.60261010,109
"02376 Brand New Ponte Verde House for Sale in Davao City","Buhangin, Davao",Buhangin,Davao,21500000,5,4,300,200,7.14696860,125.59405090,110
"3-Bedroom House and Lot for Sale in Imus, Cavite at Lancaster New City | AIRA Model","Alapan II-A, Imus","Alapan II-A",Imus,5282600,3,2,80,92,14.40845220,120.89649560,111
"Ready For You: Townhouse for Sale in Capas, Tarlac at Ajoya Capas","Talaga, Capas",Talaga,Capas,2351000,0,2,49,50,15.38374425,120.58708320,112
"Ready For You: 3BR SA House and Lot for Sale in Cabanatuan, Nueva Ecija at Ajoya Cabanatuan at Php 43,175 monthly amortization","Valle Cruz, Cabanatuan","Valle Cruz",Cabanatuan,5381000,3,2,80,203,15.47998410,120.99204130,113
"For Sale 3-Bedroom Townhouse in Tanza, Cavite at Micara Estates | PORTIA Typical End Unit w/ Fence","Antero Soriano Highway Sahud Ulan, Tanza","Antero Soriano Highway Sahud Ulan",Tanza,2258057,3,1,45,62,14.36674900,120.81844750,114
"For Sale 3BR 2-Storey House and Lot in Cabanatuan, Nueva Ecija at Camella Nueva Ecija | Cara w/ CB 99sqm","Emilio Vergara Hwy Santa Arcadia, Cabanatuan","Emilio Vergara Hwy Santa Arcadia",Cabanatuan,5991000,3,2,66,99,15.47107790,120.98213120,115
"Townhouse with 2 Bedrooms for Sale in Davao City, Davao del Sur at PHINMA Maayo Tugbok | Adlaw Model","Tugbok, Davao",Tugbok,Davao,3600000,2,2,48.26,50,7.10353830,125.49484670,116
"For Sale RFO 2BR 2-Storey Townhouse in Cabanatuan, Nueva Ecija at Camella Nueva Ecija | Reana IU 36sqm","Emilio Vergara Hwy Santa Arcadia, Cabanatuan","Emilio Vergara Hwy Santa Arcadia",Cabanatuan,2972000,2,1,40,36,15.47107790,120.98213120,117
"2BR 2-Storey Townhouse for Sale in Mabalacat, Pampanga at Talanai Homes | MAHOGANY","Sapang Biabas, Mabalacat","Sapang Biabas",Mabalacat,1400000,2,1,40,40,15.19877520,120.60261010,118
"For Sale 4BR 2-Storey House and Lot in Cabanatuan, Nueva Ecija at Camella Nueva Ecija | Dani 99sqm","Emilio Vergara Hwy Santa Arcadia, Cabanatuan","Emilio Vergara Hwy Santa Arcadia",Cabanatuan,7315000,4,3,83,99,15.47107790,120.98213120,119
"4BR Single Attached House and Lot for Sale in Mexico, Pampanga at Ajoya Pampanga","Eden, Mexico",Eden,Mexico,5278000,4,3,91,143,15.12625290,120.65801310,120
"2BR Single Attached House and Lot for Sale in Mexico, Pampanga at Ajoya Pampanga","Eden, Mexico",Eden,Mexico,3970000,2,2,59,88,15.12625290,120.65801310,121
"Austine Homes | Amber 2BR Townhouse for Sale in Mabalacat, Pampanga | Futura by Filinvest","Santa Maria, Mabalacat","Santa Maria",Mabalacat,1979000,2,1,40.39,43.2,15.22700790,120.59220070,122
"New Leaf | Diana 2BR SA House for Sale in Trece Martires, Cavite | Futura by Filinvest","The Wood Estates, Brgy. Hugo Perez, Trece Martires","Brgy. Hugo Perez","Trece Martires",3148800,2,1,37.3,70,NULL,NULL,123
"5BR 2-Storey House and Lot for Sale in Subic, Zambales at Camella Subic | Ella w/ CB 158sqm","Aningway Sacatihan, Subic","Aningway Sacatihan",Subic,8434000,5,3,100,158,14.91317810,120.22824210,124
"Ready For You: 2BR SA House and Lot for Sale in Mexico, Pampanga at Ajoya Pampanga at Php 31,975 monthly amortization","Eden, Mexico",Eden,Mexico,3979000,2,2,59,88,15.12625290,120.65801310,125
"3-Bedroom House and Lot for Sale in Imus, Cavite at Lancaster New City | CHESSA Model","Alapan II-A, Imus","Alapan II-A",Imus,5978000,3,3,90,100,14.40845220,120.89649560,126
"For Sale 3-Bedroom 2-Storey House and Lot in Mabalacat, Pampanga at Talanai Homes | AGOHO","Sapang Biabas, Mabalacat","Sapang Biabas",Mabalacat,2706500,3,2,62,65,15.19877520,120.60261010,127
"4BR 2-Storey House and Lot for Sale in Subic, Zambales at Camella Subic | Dani w/ CB 217sqm","Aningway Sacatihan, Subic","Aningway Sacatihan",Subic,10501000,4,3,83,217,14.91317810,120.22824210,128
"3-Bedroom House and Lot for Sale in General Trias, Cavite at Lancaster New City | GABRIELLE Model","Pasong Camachile I, General Trias","Pasong Camachile I","General Trias",6650000,3,2,84,120,14.37232070,120.89767450,129
"3-Bedroom House and Lot for Sale in General Trias, Cavite at Lancaster New City | CHESSA Model","Pasong Camachile I, General Trias","Pasong Camachile I","General Trias",5978000,3,3,90,100,14.37232070,120.89767450,130
"3BR House and Lot for Sale in Mexico, Pampanga | Parklane at The Lakeshore, Hyde","San Rafael, Mexico","San Rafael",Mexico,2705850,3,2,77.31,0,15.08749590,120.67423930,131
"BIG DISCOUNT (up to 500k)! For Sale 3-Bedroom Single Attached House and Lot at PTC Suncrest in Imus, Cavite | Rosanna Model","Carsadang Bago I, Imus","Carsadang Bago I",Imus,5234791,3,2,75,112,14.42891860,120.92888800,132
"RFO 5BR 2-Storey House and Lot for Sale in Tarlac City at Camella Tarlac | Greta w/ CB 143sqm","Camella Tarlac Access Rd. Maliwalo, Tarlac","Camella Tarlac Access Rd. Maliwalo",Tarlac,10748000,5,3,166,143,NULL,NULL,133
"3BR 3-Storey Townhouse for Sale near Alabang in Likha Residences, Muntinlupa | End Unit (Garden Unit)","Km. 19 West Service Rd. Cupang, Muntinlupa","Km. 19 West Service Rd. Cupang",Muntinlupa,26365000,3,3,219.3,90,14.42700050,121.04527820,134
"2BR 2-Storey Townhouse for Sale in Malolos, Bulacan at Camella Provence | Arielle IU","Longos, Malolos",Longos,Malolos,3025000,2,1,36,42,14.87426000,120.79153360,135
"3BR 3-Storey Townhouse for Sale near Alabang in Likha Residences, Muntinlupa | Unit Facing Clubhouse (Garden Unit)","Km. 19 West Service Rd. Cupang, Muntinlupa","Km. 19 West Service Rd. Cupang",Muntinlupa,28348000,3,3,219.3,105,14.42700050,121.04527820,136
"For Sale 4BR 3-Storey Townhouse in DasmariÃ±as, Cavite | The Villas at DasmariÃ±as Highlands","Aguinaldo Highway San Agustin I, Dasmarinas","Aguinaldo Highway San Agustin I",Dasmarinas,9500000,4,4,132,66,14.32142710,120.94188000,137
"2BR 2-Storey House and Lot for Sale in Tarlac City at Camella Tarlac | Bella 99sqm","Camella Tarlac Access Rd. Maliwalo, Tarlac","Camella Tarlac Access Rd. Maliwalo",Tarlac,5705000,2,2,53,99,NULL,NULL,138
"RFO 2BR 2-Storey House and Lot for Sale in Tarlac City at Camella Tarlac | Ezabelle Combo Lot 96sqm","Camella Tarlac Access Rd. Maliwalo, Tarlac","Camella Tarlac Access Rd. Maliwalo",Tarlac,5174000,2,1,46,96,NULL,NULL,139
"RFO 2-Storey House and Lot w/ 1BR Provision for Sale in Subic, Zambales at Camella Subic | Aleah","Aningway Sacatihan, Subic","Aningway Sacatihan",Subic,2341000,1,1,33,70,14.91317810,120.22824210,140
"RFO 3BR 2-Storey House and Lot for Sale in Malolos, Bulacan at Camella Provence | Jade","Longos, Malolos",Longos,Malolos,10413000,3,2,76,128,14.87426000,120.79153360,141
"RFO 2BR 2-Storey House and Lot for Sale in Malolos, Bulacan at Camella Provence | Mika","Longos, Malolos",Longos,Malolos,5179000,2,1,46,60,14.87426000,120.79153360,142
"RFO 2BR 2-Storey House and Lot for Sale in Malolos, Bulacan at Camella Provence | Bella 88sqm","Longos, Malolos",Longos,Malolos,6005000,2,2,53,88,14.87426000,120.79153360,143
"For Sale 3BR 2-Storey House and Lot in Cabanatuan, Nueva Ecija at Camella Nueva Ecija | Cara 99sqm","Emilio Vergara Hwy Santa Arcadia, Cabanatuan","Emilio Vergara Hwy Santa Arcadia",Cabanatuan,6200000,3,2,66,99,15.47107790,120.98213120,144
"For Sale RFO 2BR 2-Storey House and Lot in Cabanatuan, Nueva Ecija at Camella Nueva Ecija | Criselle 63sqm","Emilio Vergara Hwy Santa Arcadia, Cabanatuan","Emilio Vergara Hwy Santa Arcadia",Cabanatuan,4454000,2,1,40,63,15.47107790,120.98213120,145
"RFO 2BR 2-Storey House and Lot for Sale in Cabanatuan, Nueva Ecija at Camella Nueva Ecija | Mika 63sqm","Emilio Vergara Hwy Santa Arcadia, Cabanatuan","Emilio Vergara Hwy Santa Arcadia",Cabanatuan,4458000,2,1,46,63,15.47107790,120.98213120,146
"RFO 3BR 2-Storey House and Lot for Sale in Cabanatuan, Nueva Ecija at Camella Nueva Ecija | Carmela","Emilio Vergara Hwy Santa Arcadia, Cabanatuan","Emilio Vergara Hwy Santa Arcadia",Cabanatuan,8915000,3,2,66,121,15.47107790,120.98213120,147
"2BR 2-Storey House and Lot for Sale in Cabanatuan Nueva Ecija at Camella Nueva Ecija | Ezabelle 63sqm","Emilio Vergara Hwy Santa Arcadia, Cabanatuan","Emilio Vergara Hwy Santa Arcadia",Cabanatuan,4270000,2,1,46,63,15.47107790,120.98213120,148
"2BR 2-Storey House and Lot for Sale in Cabanatuan, Nueva Ecija at Camella Nueva Ecija | Criselle 63sqm","Emilio Vergara Hwy Santa Arcadia, Cabanatuan","Emilio Vergara Hwy Santa Arcadia",Cabanatuan,4263000,2,1,40,63,15.46824400,120.97641380,149
"RFO 4BR 2-Storey House and Lot for Sale in Cabanatuan, Nueva Ecija at Camella Nueva Ecija | Dani 99sqm","Emilio Vergara Hwy Santa Arcadia, Cabanatuan","Emilio Vergara Hwy Santa Arcadia",Cabanatuan,7503000,4,3,83,99,15.46824400,120.97641380,150
"RFO 2BR 2-Storey House and Lot for Sale in Cabanatuan, Nueva Ecija at Camella Nueva Ecija | Mika 60sqm","Emilio Vergara Hwy Santa Arcadia, Cabanatuan","Emilio Vergara Hwy Santa Arcadia",Cabanatuan,4633000,2,1,46,60,15.46824400,120.97641380,155
"2BR House and Lot for Sale in Mexico, Pampanga | Flavorscapes at The Lakeshore, Nest","Divisoria, Mexico",Divisoria,Mexico,4710000,2,2,72,121,15.09248920,120.68279770,157
"Futura Homes Koronadal | Amber 2BR Townhouse Inner Unit for Sale in South Cotabato | Futura by Filinvest","Purok Hurtado Concepcion, Koronadal","Purok Hurtado Concepcion",Koronadal,2683000,2,1,40.31,50.4,NULL,NULL,158
"3BR 3-Storey Townhouse for Sale near Alabang in Likha Residences, Muntinlupa | Typical Unit (Garden Unit)","Km. 19 West Service Rd. Cupang, Muntinlupa","Km. 19 West Service Rd. Cupang",Muntinlupa,28348000,3,3,219.3,105,14.43216260,121.04524180,159
"3BR 3-Storey Townhouse for Sale near Alabang in Likha Residences, Muntinlupa | Typical End Unit (Garden Unit)","Cupang, Muntinlupa",Cupang,Muntinlupa,28376000,3,3,219.3,106,14.43216260,121.04524180,160
"For Sale 3BR House and Lot in Urdaneta, Pangasinan at Camella Urdaneta | Cara 110sqm","MacArthur Hwy Anonas, Urdaneta","MacArthur Hwy Anonas",Urdaneta,6286000,3,2,66,110,16.00158340,120.57605610,161
"L-R-1-249- Acquired Property for Sale in Lot 8, Block 12, 7th Road, Sta. Monica Heights Subdivision, Phase 1, Brgy. San Rafael, Tarlac City, Tarlac - Retail","San Rafael, Tarlac","San Rafael",Tarlac,4216700,0,0,169,180,15.32195430,120.59614870,162
"3BR 2-Storey House and Lot for Sale in Subic, Zambales at Camella Subic | Cara 146sqm","Aningway Sacatihan, Subic","Aningway Sacatihan",Subic,6810000,3,2,66,146,14.91317810,120.22824210,163
"4-Bedroom House and Lot for Sale in Imus, Cavite at Lancaster New City | BRIANA Model","Alapan II-A, Imus","Alapan II-A",Imus,6756360,4,3,110,100,14.40845220,120.89649560,164
"1BR House and Lot for Sale in Mexico, Pampanga | Flavorscapes at The Lakeshore, Duo Work Live","Divisoria, Mexico",Divisoria,Mexico,1635170,1,1,78.7,0,14.43216260,121.04524180,165
"3BR 3-Storey Townhouse for Sale near Alabang in Likha Residences, Muntinlupa | Typical Unit","Km. 19 West Service Rd. Cupang, Muntinlupa","Km. 19 West Service Rd. Cupang",Muntinlupa,33792000,3,3,247.4,93,14.43216260,121.04524180,166
"RFO House and Lot For Sale in Summerfield, Antipolo City, Rizal","San Jose, Antipolo","San Jose",Antipolo,5700000,4,3,90,78,14.58537450,121.18228010,168
"Pre-selling 3BR 3-Storey Townhouse for Sale near Alabang in Likha Residences, Muntinlupa | Unit Facing Clubhouse","Km. 19 West Service Rd. Cupang, Muntinlupa","Km. 19 West Service Rd. Cupang",Muntinlupa,32539000,3,3,247.4,93,14.43216260,121.04524180,169
"3BR 3-Storey Townhouse for Sale near Alabang in Likha Residences, Muntinlupa | End Unit (Garden Unit)","Km. 19 West Service Rd. Cupang, Muntinlupa","Km. 19 West Service Rd. Cupang",Muntinlupa,28776000,3,3,219.3,90,14.43216260,121.04524180,171
"2BR 2-Storey House and Lot for Sale in Tarlac City at Camella Tarlac | Frielle 88sqm","Camella Tarlac Access Rd. Maliwalo, Tarlac","Camella Tarlac Access Rd. Maliwalo",Tarlac,4872000,2,1,50,88,NULL,NULL,172
"3BR 2-Storey House and Lot for Sale in Tarlac City at Camella Tarlac | Cara w/ CB 99sqm","Camella Tarlac Access Rd. Maliwalo, Tarlac","Camella Tarlac Access Rd. Maliwalo",Tarlac,6319000,3,2,66,99,NULL,NULL,173
"RFO 2BR 2-Storey House and Lot for Sale in Tarlac City at Camella Tarlac | Marga 72sqm","Camella Tarlac Access Rd. Maliwalo, Tarlac","Camella Tarlac Access Rd. Maliwalo",Tarlac,4315000,2,1,46,72,NULL,NULL,174
"3BR 2-Storey House and Lot for Sale in Subic, Zambales at Camella Subic | Cara w/ CB 150sqm","Aningway Sacatihan, Subic","Aningway Sacatihan",Subic,7907000,3,2,66,150,14.91317810,120.22824210,175
"5BR 2-Storey House and Lot for Sale in Subic, Zambales at Camella Subic | Ella w/ CB 121sqm","Aningway Sacatihan, Subic","Aningway Sacatihan",Subic,7421000,5,3,100,121,14.91317810,120.22824210,176
"4BR 2-Storey House and Lot for Sale in Subic, Zambales at Camella Subic | Dani 99sqm","Aningway Sacatihan, Subic","Aningway Sacatihan",Subic,6087000,4,3,83,99,14.91317810,120.22824210,177
"4BR 3-Storey Townhouse for Sale in DasmariÃ±as, Cavite | The Villas at DasmariÃ±as Highlands","Aguinaldo Highway San Agustin I, Dasmarinas","Aguinaldo Highway San Agustin I",Dasmarinas,9500000,4,4,132,66,14.31529740,120.94509660,178
"3BR 3-Storey Townhouse for Sale near Alabang in Likha Residences, Muntinlupa | Corner Unit Facing Clubhouse (Garden Unit)","Km. 19 West Service Rd. Cupang, Muntinlupa","Km. 19 West Service Rd. Cupang",Muntinlupa,28572000,3,3,219.3,103,14.43216260,121.04524180,179
"For Sale 3BR 2-Storey House and Lot in Tarlac City at Camella Tarlac | Cara 88sqm","Camella Tarlac Access Rd. Maliwalo, Tarlac","Camella Tarlac Access Rd. Maliwalo",Tarlac,5776000,3,2,66,88,NULL,NULL,180
"3BR House and Lot for Sale in Mexico, Pampanga | Flavorscapes at The Lakeshore, Cocoon","Divisoria, Mexico",Divisoria,Mexico,3190000,3,2,60,80,14.43216260,121.04524180,182
"3BR 2-Storey House and Lot for Sale in Subic, Zambales at Camella Subic | Cara w/ CB 162sqm","Aningway Sacatihan, Subic","Aningway Sacatihan",Subic,8277000,3,2,66,162,14.91317810,120.22824210,183
"for sale alli house and lot 2 bedroom at  camella butuan city","Camella Prima Butuan, Barangay Ampayon, Butuan City Ampayon, Butuan","Butuan City Ampayon",Butuan,4480180,2,1,40,88,NULL,NULL,184
"2BR 2-Storey House and Lot for Sale in Mabalacat, Pampanga at Talanai Homes | APITONG","Sapang Biabas, Mabalacat","Sapang Biabas",Mabalacat,2224500,2,1,50,65,15.19877520,120.60261010,185
"Likha Residences | Pre-selling 3BR 3-Storey Townhouse for Sale near Alabang in Muntinlupa | Typical Unit","Cupang, Muntinlupa",Cupang,Muntinlupa,31348000,3,3,247.4,92,14.43788430,121.05032120,186
"5BR 2-Storey House and Lot for Sale in Cabanatuan, Nueva Ecija at Camella Nueva Ecija | Freya 132sqm","Emilio Vergara Hwy Santa Arcadia, Cabanatuan","Emilio Vergara Hwy Santa Arcadia",Cabanatuan,9584000,5,3,142,132,15.46824400,120.97641380,187
"RFO 5BR 2-Storey House and Lot for Sale in Cabanatuan, Nueva Ecija at Camella Nueva Ecija | Ella 110sqm","Emilio Vergara Hwy Santa Arcadia, Cabanatuan","Emilio Vergara Hwy Santa Arcadia",Cabanatuan,7618000,5,3,100,110,15.46824400,120.97641380,188
"BTS 2BR 2-Storey House and Lot for Sale in Cabanatuan, Nueva Ecija at Camella Nueva Ecija | Criselle 63sqm","Emilio Vergara Hwy Santa Arcadia, Cabanatuan","Emilio Vergara Hwy Santa Arcadia",Cabanatuan,4383000,2,1,40,63,15.46824400,120.97641380,189
"4BR 2-Storey House and Lot for Sale in Subic, Zambales at Camella Subic | Dani 146sqm","Aningway Sacatihan, Subic","Aningway Sacatihan",Subic,7340000,4,3,83,146,14.91317810,120.22824210,191
"Avida Land an Ayala land Company House and Lot in Pampanga","Mining, Angeles",Mining,Angeles,8000000,3,2,84,84,15.14512820,120.60285330,192
"3BR 3-Storey Townhouse for Sale near Alabang in Likha Residences, Muntinlupa | Unit Facing Clubhouse","Km. 19 West Service Rd. Cupang, Muntinlupa","Km. 19 West Service Rd. Cupang",Muntinlupa,34016000,3,3,247.4,93,14.43216260,121.04524180,193
"3-Bedroom Townhouse for Sale in Kawit, Cavite at Lancaster New City | ANICA Model","San Sebastian, Kawit","San Sebastian",Kawit,2389000,3,1,50,50,14.41297930,120.88866770,194
"3BR Single Attached House and Lot for Sale in Lipa, Batangas | The Villages at Lipa - Brook Village, SA65","Bugtong Na Pulo, Lipa","Bugtong Na Pulo",Lipa,4928000,3,1,65,116,13.99843080,121.16745920,195
"Ready For You: 2BR Townhouse (TH53) for Sale in Lipa, Batangas | The Villages at Lipa - Brook Village at Php 63,433 monthly amortization","Bugtong Na Pulo, Lipa","Bugtong Na Pulo",Lipa,4006000,2,1,53,52,13.99843080,121.16745920,196
"5BR 2-Storey House and Lot for Sale in Cabanatuan, Nueva Ecija at Camella Nueva Ecija | Greta 143sqm","Emilio Vergara Hwy Santa Arcadia, Cabanatuan","Emilio Vergara Hwy Santa Arcadia",Cabanatuan,10956000,5,3,166,143,15.46824400,120.97641380,197
"4BR 2-Storey House and Lot for Sale in Cabanatuan, Nueva Ecija at Camella Nueva Ecija | Dana w/ CB 141sqm","Emilio Vergara Hwy Santa Arcadia, Cabanatuan","Emilio Vergara Hwy Santa Arcadia",Cabanatuan,8686000,4,3,85,141,15.46824400,120.97641380,198
"2BR 2-Storey Townhouse for Sale in Cabanatuan, Nueva Ecija at Camella Nueva Ecija | Arielle EU 65sqm","Emilio Vergara Hwy Santa Arcadia, Cabanatuan","Emilio Vergara Hwy Santa Arcadia",Cabanatuan,3230000,2,1,36,65,15.46824400,120.97641380,199
"RFO 2BR 2-Storey House and Lot for Sale in Cabanatuan, Nueva Ecija at Camella Nueva Ecija | Bella 89sqm","Emilio Vergara Hwy Santa Arcadia, Cabanatuan","Emilio Vergara Hwy Santa Arcadia",Cabanatuan,5772000,2,2,53,89,15.46824400,120.97641380,200
"5BR 2-Storey House and Lot for Sale in Cabanatuan, Nueva Ecija at Camella Nueva Ecija | Freya 121sqm","Emilio Vergara Hwy Santa Arcadia, Cabanatuan","Emilio Vergara Hwy Santa Arcadia",Cabanatuan,8732000,5,3,142,121,15.46824400,120.97641380,201
"RFO 4BR 2-Storey House and Lot for Sale in Cabanatuan, Nueva Ecija at Camella Nueva Ecija | Dana Combo 204sqm","Emilio Vergara Hwy Santa Arcadia, Cabanatuan","Emilio Vergara Hwy Santa Arcadia",Cabanatuan,10863000,4,3,85,204,15.46824400,120.97641380,202
"2BR 2-Storey Townhouse for Sale in Cabanatuan, Nueva Ecija at Camella Nueva Ecija | Arielle IU 42sqm","Emilio Vergara Hwy Santa Arcadia, Cabanatuan","Emilio Vergara Hwy Santa Arcadia",Cabanatuan,2793000,2,1,36,42,15.46824400,120.97641380,203
"2BR 2-Storey Townhouse for Sale in Cabanatuan, Nueva Ecija at Camella Nueva Ecija | Arielle EU 63sqm","Emilio Vergara Hwy Santa Arcadia, Cabanatuan","Emilio Vergara Hwy Santa Arcadia",Cabanatuan,3309000,2,1,36,63,15.46824400,120.97641380,204
"3BR 2-Storey House and Lot for Sale in Cabanatuan, Nueva Ecija at Camella Nueva Ecija | Cara w/ CB 110sqm","Emilio Vergara Hwy Santa Arcadia, Cabanatuan","Emilio Vergara Hwy Santa Arcadia",Cabanatuan,6650000,3,2,66,110,15.46824400,120.97641380,205
"2BR 2-Storey House and Lot for Sale in Cabanatuan, Nueva Ecija at Camella Nueva Ecija | Bella 88sqm","Emilio Vergara Hwy Santa Arcadia, Cabanatuan","Emilio Vergara Hwy Santa Arcadia",Cabanatuan,5079000,2,2,53,88,15.46824400,120.97641380,206
"2BR 2-Storey Townhouse for Sale in Cabanatuan, Nueva Ecija at Camella Nueva Ecija | Arielle IU 40sqm","Emilio Vergara Hwy Santa Arcadia, Cabanatuan","Emilio Vergara Hwy Santa Arcadia",Cabanatuan,2698000,2,1,36,40,15.46824400,120.97641380,207
"RFO 5BR 2-Storey House and Lot for Sale in Cabanatuan, Nueva Ecija at Camella Nueva Ecija | Elaisa","Emilio Vergara Hwy Santa Arcadia, Cabanatuan","Emilio Vergara Hwy Santa Arcadia",Cabanatuan,10692000,5,3,97,121,15.46824400,120.97641380,208
"RFO 2BR 2-Storey Townhouse for Sale in Cabanatuan, Nueva Ecija at Camella Nueva Ecija | Ravena EU","Emilio Vergara Hwy Santa Arcadia, Cabanatuan","Emilio Vergara Hwy Santa Arcadia",Cabanatuan,4263000,2,1,40,60,15.46824400,120.97641380,209
"4-Bedroom 3-Storey Townhouse for Sale in DasmariÃ±as, Cavite | The Villas at DasmariÃ±as Highlands","Aguinaldo Highway San Agustin I, Dasmarinas","Aguinaldo Highway San Agustin I",Dasmarinas,9500000,4,4,132,66,14.31529740,120.94509660,210
"3BR 3-Storey Townhouse for Sale near Alabang in Likha Residences, Muntinlupa | Typical Unit (Garden Unit)","Km. 19 West Service Rd. Cupang, Muntinlupa","Km. 19 West Service Rd. Cupang",Muntinlupa,28090000,3,3,219.3,90,14.43216260,121.04524180,211
"4BR 2-Storey Single Detached House and Lot for Sale in Compostela, Cebu at Amoa | Asha Model","Tamiao, Compostela",Tamiao,Compostela,7021000,4,2,82,120,10.43828840,123.99472490,212
"Ready For You: Duplex House and Lot Side by Side for Sale in Capas, Tarlac at Ajoya Capas at Php 28,108.33 monthly amortization","Talaga, Capas",Talaga,Capas,3573000,0,2,66,80,15.38374425,120.58708320,213
"For Sale 3BR Single Attached-Complete House and Lot in Santa Maria, Bulacan at North Orchard Residences","Caysio Rd. Caysio, Santa Maria","Caysio Rd. Caysio","Santa Maria",5183808,3,2,75.26,80,14.84823050,120.96969500,214
"3BR 2-Storey House and Lot for Sale in Malolos, Bulacan at Camella Provence | Cara w/ CB 99sqm","Longos, Malolos",Longos,Malolos,6924000,3,2,66,99,14.87426000,120.79153360,215
"For Sale 3-Bedroom Townhouse in Tanza, Cavite at Micara Estates | PORTIA Typical Corner Unit w/ Fence","Antero Soriano Highway Sahud Ulan, Tanza","Antero Soriano Highway Sahud Ulan",Tanza,2839149,3,1,45,62,14.37262600,120.82621410,216
"Beautiful House and Lot with 4BR for Sale in BF East Phase 6, Muntinlupa City","Cupang, Muntinlupa",Cupang,Muntinlupa,43000000,4,3,400,350,14.43788430,121.05032120,217
"4 Bedrooms Single House in Katarungan Village in Muntinlupa City","DAANG HARI ALABANG Poblacion, Muntinlupa","DAANG HARI ALABANG Poblacion",Muntinlupa,13000000,4,2,219,120,NULL,NULL,218
"RFO 2BR 2-Storey Townhouse for Sale in Cabanatuan, Nueva Ecija at Camella Nueva Ecija | Ravena IU","Emilio Vergara Hwy Santa Arcadia, Cabanatuan","Emilio Vergara Hwy Santa Arcadia",Cabanatuan,3302000,2,1,40,42,15.46824400,120.97641380,219
"2BR 2-Storey Townhouse for Sale in Compostela, Cebu at Amoa | AMITA - End","Tamiao, Compostela",Tamiao,Compostela,4389000,2,2,53,70,10.43828840,123.99472490,220
"5BR 2-Storey House and Lot for Sale in Tarlac City at Camella Tarlac | Freya w/ CB 176sqm","Camella Tarlac Access Rd. Maliwalo, Tarlac","Camella Tarlac Access Rd. Maliwalo",Tarlac,11245000,5,3,142,176,NULL,NULL,221
"3-Bedroom House and Lot for Sale in General Trias, Cavite at Lancaster New City | AIRA Model","Pasong Camachile I, General Trias","Pasong Camachile I","General Trias",5282600,3,2,80,92,14.37232070,120.89767450,222
"3BR 2-Storey House and Lot for Sale in Malolos, Bulacan at Camella Provence | Cara","Longos, Malolos",Longos,Malolos,6754000,3,2,66,99,14.87426000,120.79153360,223
"2 Storey, 2 Bedroom, House & Lot @ Praverde Residences in DasmariÃ±as, Cavite","Governor's Dr, 4114 Dasmarinas, Philippines Paliparan I, Dasmarinas","Philippines Paliparan I",Dasmarinas,10746000,3,3,115,121,NULL,NULL,224
"3-Bedroom House and Lot for Sale in Pavia, Iloilo at Parc Regency Residences | PALMS Model","Ungka II, Pavia","Ungka II",Pavia,3198000,3,2,60,100,10.75290060,122.53760290,225
"Ventura Real | Sapphire 2BR House for Sale in Calamba, Laguna | Futura by Filinvest","Pueblo Solana in Ciudad de Calamba Bubuyan, Calamba","Pueblo Solana in Ciudad de Calamba Bubuyan",Calamba,4678200,2,1,62.8,88,NULL,NULL,226
"3BR 3-Storey Townhouse for Sale near Alabang in Likha Residences, Muntinlupa | Typical Unit (Garden Unit)","Km. 19 West Service Rd. Cupang, Muntinlupa","Km. 19 West Service Rd. Cupang",Muntinlupa,27088000,3,3,219.3,90,14.43216260,121.04524180,227
"3BR SD House and Lot for Sale in Urdaneta, Pangasinan at Camella Urdaneta | Cara w/ CB 141sqm","MacArthur Hwy Anonas, Urdaneta","MacArthur Hwy Anonas",Urdaneta,8237000,3,2,66,141,16.00158340,120.57605610,228
"New Fields Phase 2 | 2BR House and Lot for Sale in Teresa, Rizal | Futura by Filinvest","Manna East Dalig, Teresa","Manna East Dalig",Teresa,4470800,2,1,40.31,85,14.56639930,121.21572970,229
"3-Bedroom House and Lot for Sale in Kawit, Cavite at Lancaster New City | MARGARET Model","San Sebastian, Kawit","San Sebastian",Kawit,5690000,3,2,72,100,14.41297930,120.88866770,230
"2-Storey House, 5 Bedrooms in Camella Silang Terrazas| Freya","Adlas, Silang",Adlas,Silang,12684000,5,3,142,174,14.25684110,120.96552100,232
"4-Bedroom House and Lot for Sale in General Trias, Cavite at Lancaster New City | BRIANA Model","Pasong Camachile I, General Trias","Pasong Camachile I","General Trias",6756360,4,3,110,100,14.37232070,120.89767450,233
"3BR 3-Storey Townhouse for Sale near Alabang in Likha Residences, Muntinlupa | Typical Unit (Garden Unit)","Km. 19 West Service Rd. Cupang, Muntinlupa","Km. 19 West Service Rd. Cupang",Muntinlupa,28216000,3,3,219.3,90,14.43216260,121.04524180,234
"Likha Residences | Pre-selling 3BR 3-Storey Townhouse for Sale near Alabang in Muntinlupa | Typical Unit","Cupang, Muntinlupa",Cupang,Muntinlupa,31111000,3,3,247.4,92,14.43788430,121.05032120,235
"Pre-selling 3BR 3-Storey Townhouse for Sale near Alabang in Likha Residences, Muntinlupa | Typical Unit","Km. 19 West Service Rd. Cupang, Muntinlupa","Km. 19 West Service Rd. Cupang",Muntinlupa,31111000,3,3,247.4,92,14.43216260,121.04524180,236
"3BR 3-Storey Townhouse for Sale near Alabang in Likha Residences, Muntinlupa | Corner Unit (Garden Unit)","Km. 19 West Service Rd. Cupang, Muntinlupa","Km. 19 West Service Rd. Cupang",Muntinlupa,26953000,3,3,219.3,91,14.43216260,121.04524180,237
"Likha Residences | Pre-selling 3BR 3-Storey Townhouse for Sale near Alabang in Muntinlupa | Unit Facing Clubhouse","Cupang, Muntinlupa",Cupang,Muntinlupa,32539000,3,3,247.4,93,14.43788430,121.05032120,238
"3BR 3-Storey Townhouse for Sale near Alabang in Likha Residences, Muntinlupa | Corner Unit","Km. 19 West Service Rd. Cupang, Muntinlupa","Km. 19 West Service Rd. Cupang",Muntinlupa,34604000,3,3,247.4,94,14.43216260,121.04524180,239
"Shophouse for Sale in Capas, Tarlac at Ajoya Capas","Talaga, Capas",Talaga,Capas,8723000,0,2,99,60,15.38374425,120.58708320,242
"RFO 3BR 3-Storey Townhouse for Sale near Alabang in Likha Residences, Muntinlupa | Unit Facing Clubhouse","Km. 19 West Service Rd. Cupang, Muntinlupa","Km. 19 West Service Rd. Cupang",Muntinlupa,32568000,3,3,247.4,92,14.43216260,121.04524180,243
"3BR Single Attached-Complete House and Lot for Sale in Santa Maria, Bulacan at North Orchard Residences","Caysio Rd. Caysio, Santa Maria","Caysio Rd. Caysio","Santa Maria",5183808,3,2,75.26,80,14.84823050,120.96969500,244
"Futura Homes Koronadal | Amber 2BR Duplex House for Sale in South Cotabato | Futura by Filinvest","Purok Hurtado Concepcion, Koronadal","Purok Hurtado Concepcion",Koronadal,3528200,2,1,40.31,84,NULL,NULL,245
"5BR 2-Storey House and Lot for Sale in Subic, Zambales at Camella Subic | Ella w/ CB 163sqm","Aningway Sacatihan, Subic","Aningway Sacatihan",Subic,8463000,5,3,100,163,14.91317810,120.22824210,246
"2BR 2-Storey House and Lot for Sale in Subic, Zambales at Camella Subic | Criselle 73sqm","Aningway Sacatihan, Subic","Aningway Sacatihan",Subic,3790000,2,1,40,73,14.91317810,120.22824210,247
"3BR 2-Storey House and Lot for Sale in Subic, Zambales at Camella Subic | Cara 95sqm","Aningway Sacatihan, Subic","Aningway Sacatihan",Subic,6060000,3,2,66,95,14.91317810,120.22824210,248
"3-Bedroom Quadruplex House and Lot for Sale in General Trias Cavite at Minami Residences | HANNA Model","Arnaldo Highway Santiago, General Trias","Arnaldo Highway Santiago","General Trias",4058400,3,2,54,80,14.34432050,120.90584530,249
"Townhouse for Sale 2 bedroom in San Rafael, Bulacan at Primeworld Enclave","Caingin, San Rafael",Caingin,"San Rafael",1800000,2,1,46,41,14.97174670,120.94344310,250
"RFO 5BR 2-Storey House and Lot for Sale in Tarlac City at Camella Tarlac | Elaisa w/ CB 145sqm","Camella Tarlac Access Rd. Maliwalo, Tarlac","Camella Tarlac Access Rd. Maliwalo",Tarlac,8938000,5,3,97,145,NULL,NULL,251
"4BR 2-Storey House and Lot for Sale in Tarlac City at Camella Tarlac | Dani 99sqm","Camella Tarlac Access Rd. Maliwalo, Tarlac","Camella Tarlac Access Rd. Maliwalo",Tarlac,7056000,4,3,83,99,NULL,NULL,252
"5BR 2-Storey House and Lot for Sale in Tarlac City at Camella Tarlac | Greta w/ CB 198sqm","Camella Tarlac Access Rd. Maliwalo, Tarlac","Camella Tarlac Access Rd. Maliwalo",Tarlac,12383000,5,3,166,198,NULL,NULL,253
"5BR 2-Storey House and Lot for Sale in Tarlac City at Camella Tarlac | Freya w/ CB 202sqm","Camella Tarlac Access Rd. Maliwalo, Tarlac","Camella Tarlac Access Rd. Maliwalo",Tarlac,11510000,5,3,142,202,NULL,NULL,254
"2BR 2-Storey House and Lot for Sale in Tarlac City at Camella Tarlac | Bella 88sqm","Camella Tarlac Access Rd. Maliwalo, Tarlac","Camella Tarlac Access Rd. Maliwalo",Tarlac,5406000,2,2,53,88,NULL,NULL,255
"2BR 2-Storey Townhouse for Sale in Tarlac City at Camella Tarlac | Arielle IU 42sqm","Camella Tarlac Access Rd. Maliwalo, Tarlac","Camella Tarlac Access Rd. Maliwalo",Tarlac,2742000,2,1,36,42,NULL,NULL,256
"5BR 2-Storey House and Lot for Sale in Tarlac City at Camella Tarlac | Ella w/ CB 176sqm","Camella Tarlac Access Rd. Maliwalo, Tarlac","Camella Tarlac Access Rd. Maliwalo",Tarlac,10159000,5,3,100,176,NULL,NULL,257
"5BR 2-Storey House and Lot for Sale in Tarlac City at Camella Tarlac | Ella w/ CB 121sqm","Camella Tarlac Access Rd. Maliwalo, Tarlac","Camella Tarlac Access Rd. Maliwalo",Tarlac,8228000,5,3,100,121,NULL,NULL,258
"2BR 2-Storey Townhouse for Sale in Tarlac City at Camella Tarlac | Arielle IU 48sqm","Camella Tarlac Access Rd. Maliwalo, Tarlac","Camella Tarlac Access Rd. Maliwalo",Tarlac,2871000,2,1,36,48,NULL,NULL,259
"Ready For You: 2BR 2-Storey Townhouse (Amita) for Sale in Compostela, Cebu at Amoa at Php 45,824 monthly amortization","Tamiao, Compostela",Tamiao,Compostela,5049000,2,2,53,50,10.43828840,123.99472490,260
"2BR 2-Storey Townhouse for Sale in Tarlac City at Camella Tarlac | Arielle EU 63sqm","Camella Tarlac Access Rd. Maliwalo, Tarlac","Camella Tarlac Access Rd. Maliwalo",Tarlac,3066000,2,1,36,63,NULL,NULL,261
"5BR 2-Storey House and Lot for Sale in Cabanatuan, Nueva Ecija at Camella Nueva Ecija | Ella w/ CB 121sqm","Emilio Vergara Hwy Santa Arcadia, Cabanatuan","Emilio Vergara Hwy Santa Arcadia",Cabanatuan,7650000,5,3,100,121,15.46824400,120.97641380,262
"5BR 2-Storey House and Lot for Sale in Cabanatuan, Nueva Ecija at Camella Nueva Ecija | Ella w/ CB 141sqm","Emilio Vergara Hwy Santa Arcadia, Cabanatuan","Emilio Vergara Hwy Santa Arcadia",Cabanatuan,9153000,5,3,100,141,15.46824400,120.97641380,263
"OG 2BR 2-Storey House and Lot for Sale in Cabanatuan, Nueva Ecija at Camella Nueva Ecija | Ezabelle 64sqm","Emilio Vergara Hwy Santa Arcadia, Cabanatuan","Emilio Vergara Hwy Santa Arcadia",Cabanatuan,4787000,2,1,46,64,15.46824400,120.97641380,264
"3BR 2-Storey House and Lot for Sale in Cabanatuan Nueva Ecija at Camella Nueva Ecija | Cara 99sqm","Emilio Vergara Hwy Santa Arcadia, Cabanatuan","Emilio Vergara Hwy Santa Arcadia",Cabanatuan,6497000,3,2,66,99,15.46824400,120.97641380,265
"2BR 2-Storey House and Lot for Sale in Tarlac City at Camella Tarlac | Frielle 99sqm","Camella Tarlac Access Rd. Maliwalo, Tarlac","Camella Tarlac Access Rd. Maliwalo",Tarlac,5031000,2,1,50,99,NULL,NULL,266
"4BR Single Attached House and Lot for Sale in Lipa, Batangas | The Villages at Lipa - Brook Village, SA80","Bugtong Na Pulo, Lipa","Bugtong Na Pulo",Lipa,5692000,4,2,80,100,13.99843080,121.16745920,267
"For Sale 3-Bedroom Quadruplex House and Lot in General Trias, Cavite at Minami Residences | HANNA Model","Arnaldo Highway Santiago, General Trias","Arnaldo Highway Santiago","General Trias",4058400,3,2,54,80,14.34432050,120.90584530,268
"3BR Single Detached House and Lot for Sale in Cabanatuan, Nueva Ecija at Ajoya Cabanatuan","Valle Cruz, Cabanatuan","Valle Cruz",Cabanatuan,4896200,3,2,81,117,15.47998410,120.99204130,269
"5BR 2-Storey House and Lot for Sale in Subic, Zambales at Camella Subic | Freya 153sqm","Aningway Sacatihan, Subic","Aningway Sacatihan",Subic,9185000,5,3,142,153,14.91317810,120.22824210,270
"For Sale : Townhouse Near SM Tanza Cavite with Carport, as low as 8K Monthly!","Julugan I, Tanza","Julugan I",Tanza,1650408,2,1,44,36,14.40534290,120.84287880,272
"5BR 2-Storey House and Lot for Sale in Cabanatuan Nueva Ecija at Camella Nueva Ecija | Greta 143sqm","Emilio Vergara Hwy Santa Arcadia, Cabanatuan","Emilio Vergara Hwy Santa Arcadia",Cabanatuan,10575000,5,3,166,143,15.46824400,120.97641380,277
"RFO 2BR 2-Storey House and Lot for Sale in Cabanatuan, Nueva Ecija at Camella Nueva Ecija | Marga 54sqm","Emilio Vergara Hwy Santa Arcadia, Cabanatuan","Emilio Vergara Hwy Santa Arcadia",Cabanatuan,4259000,2,1,46,54,15.46824400,120.97641380,278
"For Sale 2BR 2-Storey House and Lot in Cabanatuan, Nueva Ecija at Camella Nueva Ecija | Bella 88sqm","Emilio Vergara Hwy Santa Arcadia, Cabanatuan","Emilio Vergara Hwy Santa Arcadia",Cabanatuan,5425000,2,2,53,88,15.46824400,120.97641380,279
"For Sale 2BR 2-Storey Townhouse in Cabanatuan, Nueva Ecija at Camella Nueva Ecija | Arielle EU 63sqm","Emilio Vergara Hwy Santa Arcadia, Cabanatuan","Emilio Vergara Hwy Santa Arcadia",Cabanatuan,3146000,2,1,36,63,15.46824400,120.97641380,280
"RFO 2BR 2-Storey Townhouse for Sale in Cabanatuan, Nueva Ecija at Camella Nueva Ecija | Arielle IU 36sqm","Emilio Vergara Hwy Santa Arcadia, Cabanatuan","Emilio Vergara Hwy Santa Arcadia",Cabanatuan,2799000,2,1,36,36,15.46824400,120.97641380,281
"RFO 3BR 2-Storey House and Lot for Sale in Cabanatuan, Nueva Ecija at Camella Nueva Ecija | Mara CL","Emilio Vergara Hwy Santa Arcadia, Cabanatuan","Emilio Vergara Hwy Santa Arcadia",Cabanatuan,7240000,3,2,53,133,15.46824400,120.97641380,282
"RFO 2BR 2-Storey House and Lot for Sale in Cabanatuan, Nueva Ecija at Camella Nueva Ecija | Reva","Emilio Vergara Hwy Santa Arcadia, Cabanatuan","Emilio Vergara Hwy Santa Arcadia",Cabanatuan,4348000,2,1,40,63,15.46824400,120.97641380,283
"2BR 2-Storey Townhouse for Sale in Compostela, Cebu at Amoa | AMITA - Mid","Tamiao, Compostela",Tamiao,Compostela,4389000,2,2,53,50,10.43828840,123.99472490,284
"2BR 2-Storey House and Lot for Sale in Subic, Zambales at Camella Subic | Bella 95sqm","Aningway Sacatihan, Subic","Aningway Sacatihan",Subic,5578000,2,2,53,95,14.91317810,120.22824210,285
"3BR House and Lot for Sale in Urdaneta, Pangasinan at Camella Urdaneta | Cara w/ CB 158sqm","MacArthur Hwy Anonas, Urdaneta","MacArthur Hwy Anonas",Urdaneta,8727000,3,2,66,158,16.00158340,120.57605610,286
"3BR House and Lot for Sale in Urdaneta, Pangasinan at Camella Urdaneta | Cara 88sqm","MacArthur Hwy Anonas, Urdaneta","MacArthur Hwy Anonas",Urdaneta,5301000,3,2,66,88,16.00158340,120.57605610,287
"3BR SD House and Lot for Sale in Urdaneta, Pangasinan at Camella Urdaneta | Cara w/ CB 174sqm","MacArthur Hwy Anonas, Urdaneta","MacArthur Hwy Anonas",Urdaneta,9375000,3,2,66,174,16.00158340,120.57605610,288
"Austine Homes | P500 2BR Townhouse for Sale in Mabalacat, Pampanga | Futura by Filinvest","Santa Maria, Mabalacat","Santa Maria",Mabalacat,1979000,2,1,38.88,43.2,15.22700790,120.59220070,289
"Pre-selling 3BR 3-Storey Townhouse for Sale near Alabang in Likha Residences, Muntinlupa | Typical Unit","Km. 19 West Service Rd. Cupang, Muntinlupa","Km. 19 West Service Rd. Cupang",Muntinlupa,31348000,3,3,247.4,92,14.43216260,121.04524180,291
"3BR 3-Storey Townhouse for Sale near Alabang in Likha Residences, Muntinlupa | Typical End Unit","Km. 19 West Service Rd. Cupang, Muntinlupa","Km. 19 West Service Rd. Cupang",Muntinlupa,32514000,3,3,247.4,92,14.43216260,121.04524180,292
"Pre-selling 3BR 3-Storey Townhouse for Sale near Alabang in Likha Residences, Muntinlupa | Corner Unit","Km. 19 West Service Rd. Cupang, Muntinlupa","Km. 19 West Service Rd. Cupang",Muntinlupa,32331000,3,3,247.4,94,14.43216260,121.04524180,294
"RFO 3BR 3-Storey Townhouse for Sale near Alabang in Likha Residences, Muntinlupa | Typical Unit","Km. 19 West Service Rd. Cupang, Muntinlupa","Km. 19 West Service Rd. Cupang",Muntinlupa,32184000,3,3,247.4,92,14.43216260,121.04524180,295
"3BR 3-Storey Townhouse for Sale near Alabang in Likha Residences, Muntinlupa | Unit Facing Clubhouse","Cupang, Muntinlupa",Cupang,Muntinlupa,34016000,3,3,247.4,93,14.43216260,121.04524180,297
"Likha Residences | Pre-selling 3BR 3-Storey Townhouse for Sale near Alabang in Muntinlupa | Corner Unit","Cupang, Muntinlupa",Cupang,Muntinlupa,32331000,3,3,247.4,94,14.43788430,121.05032120,299
"3BR 3-Storey Townhouse for Sale near Alabang in Likha Residences, Muntinlupa | Typical Unit (Garden Unit)","Cupang, Muntinlupa",Cupang,Muntinlupa,27088000,3,3,219.3,90,14.43216260,121.04524180,301
"Likha Residences | Pre-selling 3BR 3-Storey Townhouse for Sale near Alabang in Muntinlupa | Unit Facing Clubhouse","Cupang, Muntinlupa",Cupang,Muntinlupa,31706000,3,3,247.4,92,14.43788430,121.05032120,303
"3BR 3-Storey Townhouse for Sale near Alabang in Likha Residences, Muntinlupa | Corner Unit (Garden Unit)","Km. 19 West Service Rd. Cupang, Muntinlupa","Km. 19 West Service Rd. Cupang",Muntinlupa,27676000,3,3,219.3,91,14.43216260,121.04524180,305
"3BR 3-Storey Townhouse for Sale near Alabang in Likha Residences, Muntinlupa | Typical End Unit (Garden Unit)","Km. 19 West Service Rd. Cupang, Muntinlupa","Km. 19 West Service Rd. Cupang",Muntinlupa,29098000,3,3,219.3,106,14.43216260,121.04524180,306
"2BR 2-Storey House and Lot for Sale in Subic, Zambales at Camella Subic | Bella SF 88sqm","Aningway Sacatihan, Subic","Aningway Sacatihan",Subic,4866000,2,2,53,88,14.91317810,120.22824210,308
"5BR 2-Storey House and Lot for Sale in Tarlac City at Camella Tarlac | Freya w/ CB 198sqm","Camella Tarlac Access Rd. Maliwalo, Tarlac","Camella Tarlac Access Rd. Maliwalo",Tarlac,11871000,5,3,142,198,NULL,NULL,309
"4BR 2-Storey House and Lot for Sale in Tarlac City at Camella Tarlac | Dani 104sqm","Camella Tarlac Access Rd. Maliwalo, Tarlac","Camella Tarlac Access Rd. Maliwalo",Tarlac,6893000,4,3,83,104,NULL,NULL,310
"2BR 2-Storey House and Lot for Sale in Tarlac City at Camella Tarlac | Ezabelle 66sqm","Camella Tarlac Access Rd. Maliwalo, Tarlac","Camella Tarlac Access Rd. Maliwalo",Tarlac,3999000,2,1,46,66,NULL,NULL,311
"For Sale RFO 2BR 2-Storey House and Lot in Tarlac City at Camella Tarlac | Ezabelle Combo Lot 96sqm","Camella Tarlac Access Rd. Maliwalo, Tarlac","Camella Tarlac Access Rd. Maliwalo",Tarlac,5192000,2,1,46,96,NULL,NULL,312
"RFO 2BR 2-Storey House and Lot for Sale in Tarlac City at Camella Tarlac | Ezabelle 63sqm","Camella Tarlac Access Rd. Maliwalo, Tarlac","Camella Tarlac Access Rd. Maliwalo",Tarlac,4488000,2,1,46,63,NULL,NULL,313
"2BR 2-Storey House and Lot for Sale in Tarlac City at Camella Tarlac | Ezabelle 63sqm","Camella Tarlac Access Rd. Maliwalo, Tarlac","Camella Tarlac Access Rd. Maliwalo",Tarlac,3559000,2,1,46,63,NULL,NULL,314
"2BR 2-Storey House and Lot for Sale in Subic, Zambales at Camella Subic | Bella SF 115sqm","Aningway Sacatihan, Subic","Aningway Sacatihan",Subic,5605000,2,2,53,115,14.91317810,120.22824210,315
"3-Bedroom House and Lot for Sale in Kawit, Cavite at Lancaster New City | CHESSA Model","San Sebastian, Kawit","San Sebastian",Kawit,5978000,3,3,90,100,14.41297930,120.88866770,316
"5BR 2-Storey House and Lot for Sale in Subic, Zambales at Camella Subic | Greta 176sqm","Aningway Sacatihan, Subic","Aningway Sacatihan",Subic,10770000,5,3,166,176,14.91317810,120.22824210,317
"5BR 2-Storey House and Lot for Sale in Subic, Zambales at Camella Subic | Freya 190sqm","Aningway Sacatihan, Subic","Aningway Sacatihan",Subic,11739000,5,3,142,190,14.91317810,120.22824210,318
"3BR Single Attached House and Lot for Sale in Cabanatuan, Nueva Ecija at Ajoya Cabanatuan","Valle Cruz, Cabanatuan","Valle Cruz",Cabanatuan,4772388,3,2,80,203,15.47998410,120.99204130,319
"4-Bedroom House and Lot for Sale in Kawit, Cavite at Lancaster New City | ALEXANDRA Model","San Sebastian, Kawit","San Sebastian",Kawit,7410000,4,3,100,120,14.41297930,120.88866770,320
"3-Bedroom House and Lot for Sale in Pavia Iloilo at Parc Regency Residences | MADELYN Model","Ungka II, Pavia","Ungka II",Pavia,4436364,3,2,72,100,10.75290060,122.53760290,321
"3BR House and Lot for Sale in San Jose, Batangas at PHINMA Maayo San Jose | Trinidad Model, 500K Discount Promo w/ Solar Panel + Appliance Bundle!","President Jose P. Laurel Hwy Banaybanay II, San Jose","President Jose P. Laurel Hwy Banaybanay II","San Jose",8700000,3,3,84.75,125.21,13.91842350,121.10549480,322
"3BR 2-Storey House and Lot for Sale in Mabalacat, Pampanga at Talanai Homes | AGOHO","Sapang Biabas, Mabalacat","Sapang Biabas",Mabalacat,2706500,3,2,62,65,15.19877520,120.60261010,323
"3BR 3-Storey Townhouse for Sale near Alabang in Likha Residences, Muntinlupa | End Unit (Garden Unit)","Km. 19 West Service Rd. Cupang, Muntinlupa","Km. 19 West Service Rd. Cupang",Muntinlupa,26953000,3,3,219.3,91,14.43027360,121.04525860,324
"For Sale 3BR House and Lot in San Jose, Batangas at PHINMA Maayo San Jose | Trinidad Model, 500K Discount Promo w/ Solar Panel + Appliance Bundle!","President Jose P. Laurel Hwy Banaybanay II, San Jose","President Jose P. Laurel Hwy Banaybanay II","San Jose",8700000,3,3,84.75,125.21,13.91842350,121.10549480,325
"Ready For You: Shophouse for Sale in Cabanatuan, Nueva Ecija at Ajoya Cabanatuan","Valle Cruz, Cabanatuan","Valle Cruz",Cabanatuan,7452000,3,2,80,203,15.47998410,120.99204130,326
"3-Bedroom House and Lot for Sale in General Trias, Cavite at Lancaster New City | MARGARET Model","Pasong Camachile I, General Trias","Pasong Camachile I","General Trias",5690000,3,2,72,100,14.37232070,120.89767450,327
"Ready For You: Shophouse for Sale in Capas, Tarlac at Ajoya Capas at Php 75,608.33 monthly amortization","Talaga, Capas",Talaga,Capas,9273000,0,2,99,60,15.38374425,120.58708320,328
"2BR House and Lot for Sale in Urdaneta, Pangasinan at Camella Urdaneta | Bella 110sqm","MacArthur Hwy Anonas, Urdaneta","MacArthur Hwy Anonas",Urdaneta,5691000,2,2,53,110,16.00158340,120.57605610,329
"5BR 2-Storey House and Lot for Sale in Subic, Zambales at Camella Subic | Greta 230sqm","Aningway Sacatihan, Subic","Aningway Sacatihan",Subic,13479000,5,3,166,230,14.91317810,120.22824210,330
"2BR House and Lot for Sale in Urdaneta, Pangasinan at Camella Urdaneta | Bella 246sqm","MacArthur Hwy Anonas, Urdaneta","MacArthur Hwy Anonas",Urdaneta,8434000,2,2,53,246,16.00158340,120.57605610,333
"4BR Single Detached House and Lot for Sale in Cabanatuan, Nueva Ecija at Ajoya Cabanatuan","Valle Cruz, Cabanatuan","Valle Cruz",Cabanatuan,5772333,4,2,96,196,15.47998410,120.99204130,335
"2BR 2-Storey Townhouse for Sale in Malolos, Bulacan at Camella Provence | Arielle EU 74sqm","Longos, Malolos",Longos,Malolos,4079000,2,1,36,74,14.87426000,120.79153360,338
"RFO 4BR 2-Storey House and Lot for Sale in Malolos, Bulacan at Camella Provence | Drina w/ CB","Longos, Malolos",Longos,Malolos,12576000,4,3,83,132,14.87426000,120.79153360,339
"4BR 2-Storey House and Lot for Sale in Malolos, Bulacan at Camella Provence | Dana","Longos, Malolos",Longos,Malolos,7425000,4,3,85,99,14.87426000,120.79153360,340
"RFO 2BR 2-Storey House and Lot for Sale in Malolos, Bulacan at Camella Provence | Criselle 63sqm","Longos, Malolos",Longos,Malolos,4414000,2,1,36,63,14.87426000,120.79153360,341
"2BR 2-Storey House and Lot for Sale in Cabanatuan, Nueva Ecija at Camella Nueva Ecija | Ezabelle 63sqm","Emilio Vergara Hwy Santa Arcadia, Cabanatuan","Emilio Vergara Hwy Santa Arcadia",Cabanatuan,4608000,2,1,46,63,15.46824400,120.97641380,342
"RFO 5BR 2-Storey House and Lot for Sale in Subic, Zambales at Camella Subic | Freya 142sqm","Aningway Sacatihan, Subic","Aningway Sacatihan",Subic,10185000,5,3,142,142,14.91317810,120.22824210,343
"2BR 2-Storey House and Lot for Sale in Cabanatuan Nueva Ecija at Camella Nueva Ecija | Criselle 63sqm","Emilio Vergara Hwy Santa Arcadia, Cabanatuan","Emilio Vergara Hwy Santa Arcadia",Cabanatuan,3702000,2,1,40,63,15.46824400,120.97641380,344
"RFO 2BR 2-Storey House and Lot for Sale in Cabanatuan, Nueva Ecija at Camella Nueva Ecija | Reana 64sqm","Emilio Vergara Hwy Santa Arcadia, Cabanatuan","Emilio Vergara Hwy Santa Arcadia",Cabanatuan,4432000,2,1,40,64,15.46824400,120.97641380,345
"5BR 2-Storey House and Lot for Sale in Cabanatuan, Nueva Ecija at Camella Nueva Ecija | Ella 121sqm","Emilio Vergara Hwy Santa Arcadia, Cabanatuan","Emilio Vergara Hwy Santa Arcadia",Cabanatuan,8158000,5,3,100,121,15.46824400,120.97641380,346
"4BR 2-Storey House and Lot for Sale in Cabanatuan, Nueva Ecija at Camella Nueva Ecija | Dani w/ CB","Emilio Vergara Hwy Santa Arcadia, Cabanatuan","Emilio Vergara Hwy Santa Arcadia",Cabanatuan,7764000,4,3,83,110,15.46824400,120.97641380,347
"For Sale 2BR 2-Storey Townhouse in Cabanatuan, Nueva Ecija at Camella Nueva Ecija | Arielle IU 42sqm","Emilio Vergara Hwy Santa Arcadia, Cabanatuan","Emilio Vergara Hwy Santa Arcadia",Cabanatuan,2717000,2,1,36,42,15.46824400,120.97641380,348
"RFO 2BR 2-Storey Townhouse for Sale in Cabanatuan, Nueva Ecija at Camella Nueva Ecija | Arielle EU 54sqm","Emilio Vergara Hwy Santa Arcadia, Cabanatuan","Emilio Vergara Hwy Santa Arcadia",Cabanatuan,3228000,2,1,36,54,15.46824400,120.97641380,349
"Pineview | Molave 2BR SD House and Lot for Sale in Tanza, Cavite | Futura by Filinvest","Antero-Soriano Hwy, Remulla Drive Tanza-Naic Rd. Sahud Ulan, Tanza","Remulla Drive Tanza-Naic Rd. Sahud Ulan",Tanza,3643800,2,1,39.64,100,NULL,NULL,350
"For Sale 5BR 2-Storey House and Lot in Cabanatuan, Nueva Ecija at Camella Nueva Ecija | Greta 143sqm","Emilio Vergara Hwy Santa Arcadia, Cabanatuan","Emilio Vergara Hwy Santa Arcadia",Cabanatuan,10061000,5,3,166,143,15.46824400,120.97641380,351
"5BR 2-Storey House and Lot for Sale in Cabanatuan, Nueva Ecija at Camella Nueva Ecija | Ella w/ CB 132sqm","Emilio Vergara Hwy Santa Arcadia, Cabanatuan","Emilio Vergara Hwy Santa Arcadia",Cabanatuan,8608000,5,3,100,132,15.46824400,120.97641380,352
"5BR 2-Storey House and Lot for Sale in Cabanatuan, Nueva Ecija at Camella Nueva Ecija | Freya 143sqm","Emilio Vergara Hwy Santa Arcadia, Cabanatuan","Emilio Vergara Hwy Santa Arcadia",Cabanatuan,10354000,5,3,142,143,15.46824400,120.97641380,353
"4BR 2-Storey House and Lot for Sale in Cabanatuan, Nueva Ecija at Camella Nueva Ecija | Dana w/ CB 120sqm","Emilio Vergara Hwy Santa Arcadia, Cabanatuan","Emilio Vergara Hwy Santa Arcadia",Cabanatuan,8086000,4,3,85,120,15.46824400,120.97641380,354
"2BR 2-Storey House and Lot for Sale in Cabanatuan, Nueva Ecija at Camella Nueva Ecija | Bella 96sqm","Emilio Vergara Hwy Santa Arcadia, Cabanatuan","Emilio Vergara Hwy Santa Arcadia",Cabanatuan,5779000,2,2,53,96,15.46824400,120.97641380,355
"RFO 5BR 2-Storey House and Lot for Sale in Subic, Zambales at Camella Subic | Greta 198sqm","Aningway Sacatihan, Subic","Aningway Sacatihan",Subic,12866000,5,3,166,198,14.91317810,120.22824210,356
"Newly Renovated 2 Storey House and Lot for Sale in Cainta, Rizal","San Isidro, Cainta","San Isidro",Cainta,10500000,3,3,120,132,14.60925610,121.11063770,357
"3-Bedroom House for Sale in Mexico, Pampanga at The Lakeshore | Tahoe Model","Km.71, North Luzon Expressway Panipuan, Mexico","North Luzon Expressway Panipuan",Mexico,3116400,3,2,89.54,154,15.09418480,120.67015830,358
"5BR 2-Storey House and Lot for Sale in Subic, Zambales at Camella Subic | Greta 190sqm","Aningway Sacatihan, Subic","Aningway Sacatihan",Subic,12035000,5,3,166,190,14.91317810,120.22824210,359
"RFO RFO FOR SALE House & Lot in Bacoor, Cavite with BIG LOT Area near CAVITEX","Buhay na Tubig, Imus","Buhay na Tubig",Imus,15500000,2,1,60,185,14.40697090,120.95650720,360
"50% off on Reservation Fee and 1st Equity Payment (Complete Finished 2 Storey Townhouse in Hana South, Trece Martires Cavite)","Cabuco, Trece Martires",Cabuco,"Trece Martires",2089739,2,2,40,45,14.27920490,120.84463230,361
"Futura Homes Palm Estates | Elisa SA 2BR House for Sale in Talisay, Negros Occ. | Futura by Filinvest","Efigenio Lizares, Talisay","Efigenio Lizares",Talisay,3079100,2,1,34.2,84,10.74254240,122.99876130,362
"M-R-3-25- Acquired Property for Sale in Unit C, 18/F, Vierra Condominium (Now known as Marfori Tower), Brittany Bay (Lakefront), Brgy. Sucat, Muntinlupa City - Retail","Sucat, Muntinlupa",Sucat,Muntinlupa,7110000,0,0,79,0,14.45698040,121.05315870,363
"50% Discount on 1st Equity Payment! 2-Bedroom LYCA Townhouse for Sale at Hana South in Trece Martires, Cavite","Cabuco, Trece Martires",Cabuco,"Trece Martires",1918427,2,2,38,36,14.27920490,120.84463230,364
"4BR 2-Storey House and Lot for Sale in Subic, Zambales at Camella Subic | Dani w/ CB 110sqm","Aningway Sacatihan, Subic","Aningway Sacatihan",Subic,6480000,4,3,83,110,14.91317810,120.22824210,365
"House and Lot for Sale in San Miguel Village, Poblacion, Makati City","Poblacion, Makati",Poblacion,Makati,85000000,0,0,890,481.5,14.56626100,121.03138530,366
"Semi-furnished 2-storey house for sale in Orange Grove Matina, Davao City","Orange Grv, 8000 Davao City, Philippines Matina Pangi, Davao","Philippines Matina Pangi",Davao,8000000,4,3,133.5,122,NULL,NULL,367
"02348 Ponte Verde Davao House for sale by Patrimonio Realty","Buhangin, Davao",Buhangin,Davao,17500000,5,4,260,232,7.14696860,125.59405090,368
"Springfield View | Walnut Basic House and Lot for Sale in Tanza, Cavite | Futura by Filinvest","Remulla Drive Tanza-Naic Rd. Sahud Ulan, Tanza","Remulla Drive Tanza-Naic Rd. Sahud Ulan",Tanza,5820400,0,0,67.5,100,NULL,NULL,369
"4-Bedroom House and Lot for Sale in Imus, Cavite at Lancaster New City | ALEXANDRA Model","Alapan II-A, Imus","Alapan II-A",Imus,7410000,4,3,100,120,14.40845220,120.89649560,370
"Pineview | Walnut 3BR SA House and Lot for Sale in Tanza, Cavite | Futura by Filinvest","Antero-Soriano Hwy, Remulla Drive Tanza-Naic Rd. Sahud Ulan, Tanza","Remulla Drive Tanza-Naic Rd. Sahud Ulan",Tanza,3649500,3,1,67.5,100,NULL,NULL,371
"3-Bedroom Quadruplex House and Lot for Sale in General Trias, Cavite at Minami Residences | HANNA Model","Arnaldo Highway Santiago, General Trias","Arnaldo Highway Santiago","General Trias",4058400,3,2,54,80,14.34093880,120.90737940,372
"3BR 3-Storey Townhouse for Sale near Alabang in Likha Residences, Muntinlupa | Unit Facing Clubhouse (Garden Unit)","Km. 19 West Service Rd. Cupang, Muntinlupa","Km. 19 West Service Rd. Cupang",Muntinlupa,28628000,3,3,219.3,105,14.43027360,121.04525860,374
"3BR 3-Storey Townhouse for Sale near Alabang in Likha Residences, Muntinlupa | End Unit (Garden Unit)","Km. 19 West Service Rd. Cupang, Muntinlupa","Km. 19 West Service Rd. Cupang",Muntinlupa,29196000,3,3,219.3,105,14.43027360,121.04525860,378
"3BR 3-Storey Townhouse for Sale near Alabang in Likha Residences, Muntinlupa | Typical Unit (Garden Unit)","Km. 19 West Service Rd. Cupang, Muntinlupa","Km. 19 West Service Rd. Cupang",Muntinlupa,28636000,3,3,219.3,105,14.43027360,121.04525860,379
"3BR 3-Storey Townhouse for Sale near Alabang in Likha Residences, Muntinlupa | End Unit (Garden Unit)","Km. 19 West Service Rd. Cupang, Muntinlupa","Km. 19 West Service Rd. Cupang",Muntinlupa,26981000,3,3,219.3,92,14.43027360,121.04525860,381
"BIG DISCOUNT (up to 500k)! 3-Bedroom Single Attached House and Lot for Sale at PTC Suncrest in Imus, Cavite | Rosanna Model","Carsadang Bago I, Imus","Carsadang Bago I",Imus,5234791,3,2,75,80,14.42891860,120.92888800,383
"4BR 2-Storey House and Lot for Sale in Tarlac City at Camella Tarlac | Dani w/ CB 121sqm","Camella Tarlac Access Rd. Maliwalo, Tarlac","Camella Tarlac Access Rd. Maliwalo",Tarlac,7805000,4,3,83,121,NULL,NULL,385
"RFO 2BR 2-Storey House and Lot for Sale in Tarlac City at Camella Tarlac | Ezabelle 72sqm","Camella Tarlac Access Rd. Maliwalo, Tarlac","Camella Tarlac Access Rd. Maliwalo",Tarlac,4359000,2,1,46,72,NULL,NULL,386
"2BR 2-Storey House and Lot for Sale in Tarlac City at Camella Tarlac | Criselle 63sqm","Camella Tarlac Access Rd. Maliwalo, Tarlac","Camella Tarlac Access Rd. Maliwalo",Tarlac,4057000,2,1,40,63,NULL,NULL,387
"3BR 2-Storey House and Lot for Sale in Tarlac City at Camella Tarlac | Cara 88sqm","Camella Tarlac Access Rd. Maliwalo, Tarlac","Camella Tarlac Access Rd. Maliwalo",Tarlac,5869000,3,2,66,88,NULL,NULL,388
"RFO 4BR 2-Storey House and Lot for Sale in Tarlac City at Camella Tarlac | Dana 121sqm","Camella Tarlac Access Rd. Maliwalo, Tarlac","Camella Tarlac Access Rd. Maliwalo",Tarlac,8079000,4,3,85,121,NULL,NULL,389
"RFO 2BR 2-Storey Townhouse for Sale in Tarlac City at Camella Tarlac | Arielle EU 115sqm","Camella Tarlac Access Rd. Maliwalo, Tarlac","Camella Tarlac Access Rd. Maliwalo",Tarlac,4944000,2,1,36,115,NULL,NULL,390
"Futura Homes Koronadal | Amber 2BR Townhouse End Unit for Sale in South Cotabato | Futura by Filinvest","Purok Hurtado Concepcion, Koronadal","Purok Hurtado Concepcion",Koronadal,3136800,2,1,40.31,78.4,NULL,NULL,391
"4BR 2-Storey House and Lot for Sale in Subic, Zambales at Camella Subic | Dani w/ CB 121sqm","Aningway Sacatihan, Subic","Aningway Sacatihan",Subic,6753000,4,3,83,121,14.91317810,120.22824210,393
"5BR 2-Storey House and Lot for Sale in Subic, Zambales at Camella Subic | Freya 246sqm","Aningway Sacatihan, Subic","Aningway Sacatihan",Subic,12069000,5,3,142,246,14.91317810,120.22824210,395
"2BR 2-Storey House and Lot for Sale in Subic, Zambales at Camella Subic | Bella 88sqm","Aningway Sacatihan, Subic","Aningway Sacatihan",Subic,5362000,2,2,53,88,14.91317810,120.22824210,396
"RFO 2BR 2-Storey House and Lot for Sale in Tarlac City at Camella Tarlac | Frielle 91sqm","Camella Tarlac Access Rd. Maliwalo, Tarlac","Camella Tarlac Access Rd. Maliwalo",Tarlac,5074000,2,1,50,91,NULL,NULL,401
"5BR 2-Storey House and Lot for Sale in Tarlac City at Camella Tarlac | Greta w/ CB 236sqm","Camella Tarlac Access Rd. Maliwalo, Tarlac","Camella Tarlac Access Rd. Maliwalo",Tarlac,12941000,5,3,166,236,NULL,NULL,402
"For Sale 2BR 2-Storey House and Lot in Mabalacat, Pampanga at Talanai Homes | APITONG","Sapang Biabas, Mabalacat","Sapang Biabas",Mabalacat,2224500,2,1,50,65,15.19877520,120.60261010,406
"2BR House and Lot for Sale in Urdaneta, Pangasinan at Camella Urdaneta | Bella 88sqm","MacArthur Hwy Anonas, Urdaneta","MacArthur Hwy Anonas",Urdaneta,4706000,2,2,53,88,16.00158340,120.57605610,407
"Futura Homes Palm Estates | Amber Duplex 2BR House for Sale in Talisay, Negros Occ. | Futura by Filinvest","Efigenio Lizares, Talisay","Efigenio Lizares",Talisay,3185000,2,1,40.31,84,10.74254240,122.99876130,408
"2BR House and Lot for Sale in Urdaneta, Pangasinan at Camella Urdaneta | Bella 96sqm","MacArthur Hwy Anonas, Urdaneta","MacArthur Hwy Anonas",Urdaneta,5301000,2,2,53,96,16.00158340,120.57605610,409
"3-Bedroom House for Sale in Mexico, Pampanga at The Lakeshore | Pebble Model","Km.71, North Luzon Expressway Panipuan, Mexico","North Luzon Expressway Panipuan",Mexico,2146550,3,2,61.33,154,15.09418480,120.67015830,410
"2 Storey, 5 Bedrooms, House & Lot @ Praverde Residences in DasmariÃ±as, Cavite","Governor's Dr, 4114 Dasmarinas, Philippines Paliparan III, Dasmarinas","Philippines Paliparan III",Dasmarinas,14451000,5,3,142,154,NULL,NULL,411
"4-Bedroom Townhouse for Sale in General Trias, Cavite at Lancaster New City | ADELLE Model","Pasong Camachile I, General Trias","Pasong Camachile I","General Trias",3336800,4,2,70,60,14.37232070,120.89767450,412
"2BR 2-Storey House and Lot for Sale in Malolos, Bulacan at Camella Provence | Criselle 63sqm","Longos, Malolos",Longos,Malolos,4196000,2,1,40,63,14.87426000,120.79153360,413
"2BR 2-Storey House and Lot for Sale in Malolos, Bulacan at Camella Provence | Bella 88sqm","Longos, Malolos",Longos,Malolos,5733000,2,2,53,88,14.87426000,120.79153360,414
"RFO 2BR 2-Storey Townhouse for Sale in Malolos, Bulacan at Camella Provence | Arielle EU 104sqm","Longos, Malolos",Longos,Malolos,5544000,2,1,36,104,14.87426000,120.79153360,415
"RFO 3BR 2-Storey House and Lot for Sale in Malolos, Bulacan at Camella Provence | Cara w/ CB 99sqm","Longos, Malolos",Longos,Malolos,7810000,3,2,66,99,14.87426000,120.79153360,416
"5BR 2-Storey House and Lot for Sale in Malolos, Bulacan at Camella Provence | Ella w/ CB","Longos, Malolos",Longos,Malolos,8298000,5,3,100,110,14.87426000,120.79153360,417
"2BR 2-Storey House and Lot for Sale in Malolos, Bulacan at Camella Provence | Ezabelle","Longos, Malolos",Longos,Malolos,4466000,2,1,46,63,14.87426000,120.79153360,418
"RFO 2BR 2-Storey House and Lot for Sale in Subic, Zambales at Camella Subic | Mika SF","Aningway Sacatihan, Subic","Aningway Sacatihan",Subic,4594000,2,1,46,63,14.91317810,120.22824210,420
"2BR 2-Storey House and Lot for Sale in Cabanatuan, Nueva Ecija at Camella Nueva Ecija | Ezabelle 60sqm","Emilio Vergara Hwy Santa Arcadia, Cabanatuan","Emilio Vergara Hwy Santa Arcadia",Cabanatuan,4160000,2,1,46,60,15.46824400,120.97641380,421
"For Sale 4BR 2-Storey House and Lot in Cabanatuan, Nueva Ecija at Camella Nueva Ecija | Dana w/ CB 110sqm","Emilio Vergara Hwy Santa Arcadia, Cabanatuan","Emilio Vergara Hwy Santa Arcadia",Cabanatuan,6884000,4,3,85,110,15.46824400,120.97641380,422
"3BR 2-Storey House and Lot for Sale in Cabanatuan, Nueva Ecija at Camella Nueva Ecija | Cara 96sqm","Emilio Vergara Hwy Santa Arcadia, Cabanatuan","Emilio Vergara Hwy Santa Arcadia",Cabanatuan,6262000,3,2,66,96,15.46824400,120.97641380,423
"RFO 3BR 2-Storey House and Lot for Sale in Cabanatuan, Nueva Ecija at Camella Nueva Ecija | Cara w/ CB 99sqm","Emilio Vergara Hwy Santa Arcadia, Cabanatuan","Emilio Vergara Hwy Santa Arcadia",Cabanatuan,6559000,3,2,66,99,15.46824400,120.97641380,424
"5BR 2-Storey House and Lot for Sale in Cabanatuan, Nueva Ecija at Camella Nueva Ecija | Ella 141sqm","Emilio Vergara Hwy Santa Arcadia, Cabanatuan","Emilio Vergara Hwy Santa Arcadia",Cabanatuan,9003000,5,3,100,141,15.46824400,120.97641380,425
"For Sale 3BR 2-Storey House and Lot in Cabanatuan, Nueva Ecija at Camella Nueva Ecija | Cara 96sqm","Emilio Vergara Hwy Santa Arcadia, Cabanatuan","Emilio Vergara Hwy Santa Arcadia",Cabanatuan,6347000,3,2,66,96,15.46824400,120.97641380,426
"House and Lot at Portofino Heights Las Piñas City, Metro Manila","Almanza Dos, Las Pinas","Almanza Dos","Las Pinas",35000000,5,5,380,350,14.42473245,121.01457350,427
"RFO 2BR 2-Storey House and Lot for Sale in Cabanatuan, Nueva Ecija at Camella Nueva Ecija | Marga 60sqm","Emilio Vergara Hwy Santa Arcadia, Cabanatuan","Emilio Vergara Hwy Santa Arcadia",Cabanatuan,4904000,2,1,46,60,15.46824400,120.97641380,428
"RFO 2BR 2-Storey House and Lot for Sale in Cabanatuan, Nueva Ecija at Camella Nueva Ecija | Marga 63sqm","Emilio Vergara Hwy Santa Arcadia, Cabanatuan","Emilio Vergara Hwy Santa Arcadia",Cabanatuan,5282000,2,1,46,63,15.46824400,120.97641380,429
"BTS 2BR 2-Storey House and Lot for Sale in Cabanatuan, Nueva Ecija at Camella Nueva Ecija | Ezabelle 60sqm","Emilio Vergara Hwy Santa Arcadia, Cabanatuan","Emilio Vergara Hwy Santa Arcadia",Cabanatuan,4281000,2,1,46,60,15.46824400,120.97641380,430
"For Sale RFO 2BR 2-Storey House and Lot in Cabanatuan Nueva Ecija at Camella Nueva Ecija | Ezabelle 63sqm","Emilio Vergara Hwy Santa Arcadia, Cabanatuan","Emilio Vergara Hwy Santa Arcadia",Cabanatuan,4364000,2,1,36,63,15.46824400,120.97641380,431
"RFO 2BR 2-Storey House and Lot for Sale in Cabanatuan, Nueva Ecija at Camella Nueva Ecija | Criselle 63sqm","Emilio Vergara Hwy Santa Arcadia, Cabanatuan","Emilio Vergara Hwy Santa Arcadia",Cabanatuan,4393000,2,1,40,63,15.46824400,120.97641380,432
"Futura Homes Zamboanga | Amber 2BR Townhouse Inner Unit for Sale in Zamboanga City | Futura by Filinvest","Zambowood Rd. Boalan, Zamboanga","Zambowood Rd. Boalan",Zamboanga,2450200,2,1,40.32,50.4,6.94838850,122.11488890,433
"For sale Beautiful House and Lot in Carcar! Spacious and Overlooking","Perrelos, Carcar",Perrelos,Carcar,11000000,3,3,442,283,10.11434340,123.67476670,434
"Modern Asian Industrial House with Garden Space, Roof Deck","San Isidro, Cainta","San Isidro",Cainta,14700000,4,3,255,187,14.60925610,121.11063770,435
"L-R-1-33- Acquired Property for Sale in Lot 1, Block 2, corner of Road Lot 4 and Road Lot 7, Sapphire Homes, Brgy. San Jose/Bintog, Plaridel, Bulacan - Retail","Bintog, Plaridel",Bintog,Plaridel,3312600,0,0,144,105,14.90270840,120.88901330,436
"2BR 2-Storey Townhouse for Sale in Tarlac City at Camella Tarlac | Arielle EU 98sqm","Camella Tarlac Access Rd. Maliwalo, Tarlac","Camella Tarlac Access Rd. Maliwalo",Tarlac,4540000,2,1,36,98,NULL,NULL,437
"2BR Townhouse for Sale in San Jose, Batangas at PHINMA Maayo San Jose | Rosario Model, Appliance Bundle Promo!","President Jose P. Laurel Hwy Banaybanay II, San Jose","President Jose P. Laurel Hwy Banaybanay II","San Jose",4062500,2,2,48.26,50,13.91842350,121.10549480,438
"BIG DISCOUNT (up to 500k)! 3BR Single Attached House and Lot for Sale at PTC Suncrest in Imus, Cavite | Rosanna Model","Carsadang Bago I, Imus","Carsadang Bago I",Imus,5234791,3,2,75,80,14.42891860,120.92888800,439
"2BR Townhouse for Sale in Mexico, Pampanga | Flavorscapes at The Lakeshore, Alcove","Divisoria, Mexico",Divisoria,Mexico,2530000,2,2,48,45.5,14.43216260,121.04524180,440
"New Leaf | Bernice 1BR SA House for Sale in Trece Martires, Cavite | Futura by Filinvest","The Wood Estates, Brgy. Hugo Perez, Trece Martires","Brgy. Hugo Perez","Trece Martires",2149700,1,1,27.21,69,NULL,NULL,441
"For Sale 2BR Townhouse in San Jose, Batangas at PHINMA Maayo San Jose | Rosario Model, Appliance Bundle Promo!","President Jose P. Laurel Hwy Banaybanay II, San Jose","President Jose P. Laurel Hwy Banaybanay II","San Jose",4062500,2,2,48.26,50,13.91842350,121.10549480,442
"2 Storey, 5 Bedrooms, House & Lot @ Praverde Residences in DasmariÃ±as, Cavite","Governor's Dr, 4114 Dasmarinas, Philippines Paliparan III, Dasmarinas","Philippines Paliparan III",Dasmarinas,14986000,5,3,166,154,NULL,NULL,443
"Duplex House and Lot Side by Side for Sale in Capas, Tarlac at Ajoya Capas","Talaga, Capas",Talaga,Capas,3060000,0,2,66,80,15.38374425,120.58708320,444
"2-Bedroom 2-Storey House and Lot for Sale in Mabalacat, Pampanga at Talanai Homes | APITONG","Sapang Biabas, Mabalacat","Sapang Biabas",Mabalacat,2224500,2,1,50,65,15.19877520,120.60261010,445
"[05365-N-315] House & Lot for sale in Roxas District at Quezon City Metro Manila","#91 ( Lot 16 Block LCH-1 ) Waling-Waling Street Roxas District Quezon City Metro Manila Roxas, Quezon City","#91 ( Lot 16 Block LCH-1 ) Waling-Waling Street Roxas District Quezon City Metro Manila Roxas","Quezon City",5000000,0,0,167.5,200,NULL,NULL,446
"Claremont Phase 4 | Opal 3BR Single Attached House for Sale in Mabalacat, Pampanga | Futura by Filinvest","Santa Maria, Mabalacat","Santa Maria",Mabalacat,3825700,3,0,53.6,88,15.22700790,120.59220070,447
"The Elements Brand New Town House in Las Pinas City","Metrocor-B Homes, Talon 5, Las Pinas City Talon Singko, Las Pinas","Las Pinas City Talon Singko","Las Pinas",8897000,4,3,143,80,NULL,NULL,448
"3BR Beach House and Lot for Sale in San Juan, Batangas at Seafront Residences","San Juan - Laiya Rd. Calubcub II, San Juan","San Juan - Laiya Rd. Calubcub II","San Juan",12099000,3,2,100,200,13.74256270,121.42572420,449
"For Sale 3 BR Single Detached House at Montecelio Residences Concepcion, Tarlac","Alfonso, Concepcion",Alfonso,Concepcion,3340000,3,2,107.6,100,15.32908620,120.63943150,450
"House and lot BF homes Parañaque","B.F. Homes, Paranaque","B.F. Homes",Paranaque,35000000,4,6,330,280,14.44627890,121.02741090,451
"Ready For You: 3BR Beach House and Lot for Sale in San Juan, Batangas at Seafront Residences at Php 250,815 monthly amortization","San Juan - Laiya Rd. Calubcub II, San Juan","San Juan - Laiya Rd. Calubcub II","San Juan",18771000,3,2,100,200,13.74256270,121.42572420,452
"RFO 5BR 2-Storey House and Lot for Sale in Tarlac City at Camella Tarlac | Ella 148sqm","Camella Tarlac Access Rd. Maliwalo, Tarlac","Camella Tarlac Access Rd. Maliwalo",Tarlac,9683000,5,3,100,148,NULL,NULL,453
"4BR Beach House and Lot for Sale in San Juan, Batangas at Seafront Residences","San Juan - Laiya Rd. Calubcub II, San Juan","San Juan - Laiya Rd. Calubcub II","San Juan",15450000,4,3,150,200,13.74256270,121.42572420,454
"RFO 2BR 2-Storey Townhouse for Sale in Tarlac City at Camella Tarlac | Arielle EU 205sqm","Camella Tarlac Access Rd. Maliwalo, Tarlac","Camella Tarlac Access Rd. Maliwalo",Tarlac,7408000,2,1,36,205,NULL,NULL,455
"House and Lot with 3 Bedrooms for Sale in Davao City, Davao del Sur at PHINMA Maayo Tugbok | Tanglaw Model","Tugbok, Davao",Tugbok,Davao,8500000,3,3,74.26,80,7.10353830,125.49484670,456
"Brand New 3 br Full furnished Beachhouse in San Juan, Laiya Batangas","Calubcub II, San Juan","Calubcub II","San Juan",30000000,3,3,337,312,13.73674750,121.42037100,457
"RFO 4BR 2-Storey House and Lot for Sale in Tarlac City at Camella Tarlac | Dana w/ CB 121sqm","Camella Tarlac Access Rd. Maliwalo, Tarlac","Camella Tarlac Access Rd. Maliwalo",Tarlac,8229000,4,3,85,121,NULL,NULL,458
"Sandia Homes | Bernice SA 1BR House for Sale in Tanauan, Batangas | Futura by Filinvest","Cale, Tanauan",Cale,Tanauan,1496900,1,1,27.21,60,14.11772070,121.09409920,460
"5BR Single Attached House and Lot for Sale in Lipa, Batangas | The Villages at Lipa - Sierra Village, SA150","Bugtong Na Pulo, Lipa","Bugtong Na Pulo",Lipa,9841000,5,3,150,150,13.99843080,121.16745920,461
"RFO 1BR 2-Storey Rowhouse for Sale at Marytown Place in Santa Maria, Bulacan | B1 L23 (ROSE-INNER)","Santa Maria-San Jose Rd. Bulac, Santa Maria","Santa Maria-San Jose Rd. Bulac","Santa Maria",1675000,1,1,44,40,NULL,NULL,462
"Modern Industrial House for sale in Antipolo boundary of Marikina","Cupang, Antipolo",Cupang,Antipolo,17890000,4,3,246,121,14.63600630,121.12404750,463
"Townhouse For Sale in The Alcove at Palmera Homes, Quezon City - Resort Style","Santa Monica, Quezon City","Santa Monica","Quezon City",18287829,3,3,176,79,14.72520150,121.04334700,464
"3BR Single Attached-Complete House and Lot for Sale in Santa Maria, Bulacan | North Orchard Residences","Caysio Rd. Caysio, Santa Maria","Caysio Rd. Caysio","Santa Maria",5183808,3,2,75.26,80,14.84823050,120.96969500,465
"3BR 2-Storey House and Lot for Sale in Subic, Zambales at Camella Subic | Cara w/ CB 118sqm","Aningway Sacatihan, Subic","Aningway Sacatihan",Subic,6249000,3,2,66,118,14.91317810,120.22824210,466
"For Sale: BF Resort Village House - Ready for Move In!","Almanza Dos, Las Pinas","Almanza Dos","Las Pinas",18000000,4,3,382,192,14.42473245,121.01457350,467
"RFO 2BR House and Lot for Sale in Urdaneta, Pangasinan at Camella Urdaneta | Bella 96sqm","MacArthur Hwy Anonas, Urdaneta","MacArthur Hwy Anonas",Urdaneta,5442000,2,2,53,96,16.00158340,120.57605610,468
"3BR 2-Storey House and Lot for Sale in Tarlac City at Camella Tarlac | Cara w/ CB 104sqm","Camella Tarlac Access Rd. Maliwalo, Tarlac","Camella Tarlac Access Rd. Maliwalo",Tarlac,6346000,3,2,66,104,NULL,NULL,469
"3BR Single Detached House and Lot for Sale in Lipa, Batangas | The Villages at Lipa - Sierra Village, SD103","Bugtong Na Pulo, Lipa","Bugtong Na Pulo",Lipa,7367000,3,2,103,132,13.99843080,121.16745920,470
"Duplex House and Lot Back to Back for Sale in Capas, Tarlac at Ajoya Capas","Talaga, Capas",Talaga,Capas,3192000,0,2,75,90,15.38374425,120.58708320,471
"5BR Single Detached House and Lot for Sale in Mexico, Pampanga at Ajoya Pampanga","Eden, Mexico",Eden,Mexico,6311000,5,3,107,141,15.12625290,120.65801310,472
"3BR 2-Storey House and Lot for Sale in Subic, Zambales at Camella Subic | Cara w/ CB 99sqm","Aningway Sacatihan, Subic","Aningway Sacatihan",Subic,5706000,3,2,66,99,14.91317810,120.22824210,473
"3-Bedroom House and Lot for Sale in Kawit, Cavite at Lancaster New City | GABRIELLE Model","San Sebastian, Kawit","San Sebastian",Kawit,6650000,3,2,84,120,14.41297930,120.88866770,474
"2BR 2-Storey House and Lot for Sale in Subic, Zambales at Camella Subic | Ezabelle 74sqm","Aningway Sacatihan, Subic","Aningway Sacatihan",Subic,3984000,2,1,46,74,14.91317810,120.22824210,475
"Charming Loyola Grand Villas House and Lot for Sale in Quezon City","Matandang Balara, Quezon City","Matandang Balara","Quezon City",110000000,12,12,1200,1000,14.67167970,121.07453450,476
"For Sale | Spacious 3-story Townhouse | Ametta Place | Pasig","Mercedes Ave, Pasig, 1600 Metro Manila 14.566745440863722, 121.09773643837426 San Miguel, Pasig","121.09773643837426 San Miguel",Pasig,19500000,3,3,183,110,14.56674544,121.09773644,477
"Prime Single House and Lot for Sale in Greenwoods Executive Village Cainta Pasig","Olive St, 1900 Cainta, Philippines San Juan, Cainta","Philippines San Juan",Cainta,18000000,6,4,244,158,NULL,NULL,478
"For Sale Two (2) Storey Townhouse with Roofdeck in Cupang, Antipolo","21 Stirrup St., Rancho Estate 2 Subd., Cupang, Antipolo City Concepcion Dos, Marikina","Antipolo City Concepcion Dos",Marikina,10900000,5,3,180,120,NULL,NULL,479
"4BR 2-Storey House and Lot for Sale in Tarlac City at Camella Tarlac | Dani w/ CB 110sqm","Camella Tarlac Access Rd. Maliwalo, Tarlac","Camella Tarlac Access Rd. Maliwalo",Tarlac,7201000,4,3,83,110,NULL,NULL,480
"Old two-storey residential house For Sale Located at  Urdanenta  City","San Vicente, Urdaneta","San Vicente",Urdaneta,4000000,3,2,60,247,15.98235520,120.57994210,482
"3 Bedroom House For Sale at Camella Urdanenta","Anonas, Urdaneta",Anonas,Urdaneta,6728000,3,2,66,99,15.99802690,120.57544140,484
"House For Sale Located at Camella Urdanenta City","Anonas, Urdaneta",Anonas,Urdaneta,8116000,4,3,83,121,15.99802690,120.57544140,485
"Townhouse For Sale at Jade Residences, Malagasang, Imus, Cavite","Malagasang I-C, Imus","Malagasang I-C",Imus,2688000,2,1,50,60,14.39054360,120.92737460,486
"3-Bedroom House and Lot for Sale in Kawit, Cavite at Lancaster New City | AIRA Model","San Sebastian, Kawit","San Sebastian",Kawit,5282600,3,2,80,92,14.41297930,120.88866770,487
"For sale Preselling 2 Storey Modern Samantha 5 Bedrooms House in Muntinlupa","Tunasan, Muntinlupa",Tunasan,Muntinlupa,16884800,5,3,195,240,14.38011290,121.05148280,488
"5 Bedroom House For Sale at Camella Urdaneta City, Pangasinan","Anonas, Urdaneta",Anonas,Urdaneta,11576000,5,3,166,154,15.99802690,120.57544140,489
"Advance Construction 5-Bedrooms House and Lot near Koronadal New Public Terminal","Robredo Street San Isidro, Koronadal","Robredo Street San Isidro",Koronadal,10793502,5,3,166,143,NULL,NULL,490
"2BR 2-Storey House and Lot for Sale in Tarlac City at Camella Tarlac | Criselle 66sqm","Camella Tarlac Access Rd. Maliwalo, Tarlac","Camella Tarlac Access Rd. Maliwalo",Tarlac,3900000,2,1,40,66,NULL,NULL,491
"2 3 Bedroom House For Sale Locatee at Camella Urdanenta City,","Anonas, Urdaneta",Anonas,Urdaneta,6728000,3,2,66,99,15.99802690,120.57544140,492
"2BR Single Attached House and Lot for Sale in Cabanatuan, Nueva Ecija at Ajoya Cabanatuan","Valle Cruz, Cabanatuan","Valle Cruz",Cabanatuan,3957188,2,2,75,135,15.47998410,120.99204130,493
"3 Bedrooms with Balcony for Sale in Alta Eminenza San Jose Del Monte, Bulacan","Bayani Rd, 3023 San Jose del Monte, Philippines Tungkong Mangga, San Jose del Monte","Philippines Tungkong Mangga","San Jose del Monte",5295000,3,1,102,63,NULL,NULL,494
"2 Bedroom Single Attached at Mirasville Malasiqui","Banawang, Malasiqui",Banawang,Malasiqui,2250000,2,1,56,54,15.92282700,120.42439580,495
"3BR House and Lot for Sale in Urdaneta, Pangasinan at Camella Urdaneta | Cara 121sqm","MacArthur Hwy Anonas, Urdaneta","MacArthur Hwy Anonas",Urdaneta,6079000,3,2,66,121,16.00158340,120.57605610,496
"3BR SD House and Lot for Sale in Urdaneta, Pangasinan at Camella Urdaneta | Cara w/ CB 142sqm","MacArthur Hwy Anonas, Urdaneta","MacArthur Hwy Anonas",Urdaneta,8271000,3,2,66,142,16.00158340,120.57605610,497
"BTS 3BR SD House and Lot for Sale in Urdaneta, Pangasinan at Camella Urdaneta | Cara 117sqm","MacArthur Hwy Anonas, Urdaneta","MacArthur Hwy Anonas",Urdaneta,8158000,3,2,66,117,16.00158340,120.57605610,498
"3BR House and Lot for Sale in Urdaneta, Pangasinan at Camella Urdaneta | Cara w/ CB 121sqm","MacArthur Hwy Anonas, Urdaneta","MacArthur Hwy Anonas",Urdaneta,7474000,3,2,66,121,16.00158340,120.57605610,499
"4BR SD House and Lot for Sale in Urdaneta, Pangasinan at Camella Urdaneta | Dani w/ CB 157sqm","MacArthur Hwy Anonas, Urdaneta","MacArthur Hwy Anonas",Urdaneta,9431000,4,3,83,157,16.00158340,120.57605610,501
"For Sale 4BR House and Lot in Urdaneta, Pangasinan at Camella Urdaneta | Dana 110sqm","MacArthur Hwy Anonas, Urdaneta","MacArthur Hwy Anonas",Urdaneta,6928000,4,3,85,110,16.00158340,120.57605610,502
"5BR House and Lot for Sale in Urdaneta, Pangasinan at Camella Urdaneta | Freya 154sqm","MacArthur Hwy Anonas, Urdaneta","MacArthur Hwy Anonas",Urdaneta,10653000,5,3,142,154,16.00158340,120.57605610,503
"5BR House and Lot for Sale in Urdaneta, Pangasinan at Camella Urdaneta | Freya 132sqm","MacArthur Hwy Anonas, Urdaneta","MacArthur Hwy Anonas",Urdaneta,9987000,5,3,142,132,16.00158340,120.57605610,504
"5BR House and Lot for Sale in Urdaneta, Pangasinan at Camella Urdaneta | Ella 145sqm","MacArthur Hwy Anonas, Urdaneta","MacArthur Hwy Anonas",Urdaneta,7755000,5,3,100,145,16.00158340,120.57605610,505
"5BR House and Lot for Sale in Urdaneta, Pangasinan at Camella Urdaneta | Greta 154sqm","MacArthur Hwy Anonas, Urdaneta","MacArthur Hwy Anonas",Urdaneta,11576000,5,3,166,154,16.00158340,120.57605610,506
"5BR House and Lot for Sale in Urdaneta, Pangasinan at Camella Urdaneta | Freya 133sqm","MacArthur Hwy Anonas, Urdaneta","MacArthur Hwy Anonas",Urdaneta,10022000,5,3,142,133,16.00158340,120.57605610,507
"Valle Dulce | 1BR Bernice SA House and Lot for Sale in Calamba, Laguna | Futura by Filinvest","Pueblo Solana, Ciudad de Calamba Bubuyan, Calamba","Ciudad de Calamba Bubuyan",Calamba,1740000,1,1,29.16,70,14.16674220,121.10635620,508
"RFO 3BR House and Lot for Sale in Urdaneta, Pangasinan at Camella Urdaneta | Cara 89sqm","MacArthur Hwy Anonas, Urdaneta","MacArthur Hwy Anonas",Urdaneta,5465000,3,2,66,89,16.00158340,120.57605610,509
"3BR House and Lot for Sale in Urdaneta, Pangasinan at Camella Urdaneta | Cara w/ CB 125sqm","MacArthur Hwy Anonas, Urdaneta","MacArthur Hwy Anonas",Urdaneta,7685000,3,2,66,125,16.00158340,120.57605610,510
"3BR House and Lot for Sale in Urdaneta, Pangasinan at Camella Urdaneta | Cara w/ CB 101sqm","MacArthur Hwy Anonas, Urdaneta","MacArthur Hwy Anonas",Urdaneta,6796000,3,2,66,101,16.00158340,120.57605610,511
"3BR House and Lot for Sale in Urdaneta, Pangasinan at Camella Urdaneta | Cara w/ CB 100sqm","MacArthur Hwy Anonas, Urdaneta","MacArthur Hwy Anonas",Urdaneta,6762000,3,2,66,100,16.00158340,120.57605610,512
"3BR House and Lot for Sale in Urdaneta, Pangasinan at Camella Urdaneta | Cara 100sqm","MacArthur Hwy Anonas, Urdaneta","MacArthur Hwy Anonas",Urdaneta,6007000,3,2,66,100,16.00158340,120.57605610,513
"4BR SD House and Lot for Sale in Urdaneta, Pangasinan at Camella Urdaneta | Dani w/ CB 174sqm","MacArthur Hwy Anonas, Urdaneta","MacArthur Hwy Anonas",Urdaneta,10017000,4,3,83,174,16.00158340,120.57605610,514
"4BR House and Lot for Sale in Urdaneta, Pangasinan at Camella Urdaneta | Dana 246sqm","MacArthur Hwy Anonas, Urdaneta","MacArthur Hwy Anonas",Urdaneta,9671000,4,3,85,246,16.00158340,120.57605610,515
"4BR House and Lot for Sale in Urdaneta, Pangasinan at Camella Urdaneta | Dana 110sqm","MacArthur Hwy Anonas, Urdaneta","MacArthur Hwy Anonas",Urdaneta,8259000,4,3,85,110,16.00158340,120.57605610,516
"4BR House and Lot for Sale in Urdaneta, Pangasinan at Camella Urdaneta | Dana 99sqm","MacArthur Hwy Anonas, Urdaneta","MacArthur Hwy Anonas",Urdaneta,7820000,4,3,85,99,16.00158340,120.57605610,517
"44 sqm House and lot for sale in Bloomfield Terraces, Morong, Rizal | PAG-IBIG","Morong, Calabarzon, Philippines Morong","Bloomfield Terraces",Morong,1600000,2,1,44,36,NULL,NULL,518
"5BR House and Lot for Sale in Urdaneta, Pangasinan at Camella Urdaneta | Greta 168sqm","MacArthur Hwy Anonas, Urdaneta","MacArthur Hwy Anonas",Urdaneta,12160000,5,3,166,168,16.00158340,120.57605610,519
"4BR House and Lot for Sale in Urdaneta, Pangasinan at Camella Urdaneta | Dana 121sqm","MacArthur Hwy Anonas, Urdaneta","MacArthur Hwy Anonas",Urdaneta,6721000,4,3,85,121,16.00158340,120.57605610,520
"4BR SD House and Lot for Sale in Urdaneta, Pangasinan at Camella Urdaneta | Dani w/ CB 172sqm","MacArthur Hwy Anonas, Urdaneta","MacArthur Hwy Anonas",Urdaneta,9948000,4,3,83,172,16.00158340,120.57605610,521
"4BR SD House and Lot for Sale in Urdaneta, Pangasinan at Camella Urdaneta | Dani w/ CB 142sqm","MacArthur Hwy Anonas, Urdaneta","MacArthur Hwy Anonas",Urdaneta,8914000,4,3,83,142,16.00158340,120.57605610,522
"4BR House and Lot for Sale in Urdaneta, Pangasinan at Camella Urdaneta | Dani w/ CB 130sqm","MacArthur Hwy Anonas, Urdaneta","MacArthur Hwy Anonas",Urdaneta,8500000,4,3,83,130,16.00158340,120.57605610,523
"5BR House and Lot for Sale in Urdaneta, Pangasinan at Camella Urdaneta | Ella 246sqm","MacArthur Hwy Anonas, Urdaneta","MacArthur Hwy Anonas",Urdaneta,10050000,5,3,100,246,16.00158340,120.57605610,524
"3BR House and Lot for Sale in Urdaneta, Pangasinan at Camella Urdaneta | Cara 110sqm","MacArthur Hwy Anonas, Urdaneta","MacArthur Hwy Anonas",Urdaneta,7617000,3,2,66,110,16.00158340,120.57605610,525
"3BR House and Lot for Sale in Urdaneta, Pangasinan at Camella Urdaneta | Cara 96sqm","MacArthur Hwy Anonas, Urdaneta","MacArthur Hwy Anonas",Urdaneta,5896000,3,2,66,96,16.00158340,120.57605610,526
"3BR House and Lot for Sale in Urdaneta, Pangasinan at Camella Urdaneta | Cara w/ CB 157sqm","MacArthur Hwy Anonas, Urdaneta","MacArthur Hwy Anonas",Urdaneta,8788000,3,2,66,157,16.00158340,120.57605610,527
"3BR SD House and Lot for Sale in Urdaneta, Pangasinan at Camella Urdaneta | Cara w/ CB 172sqm","MacArthur Hwy Anonas, Urdaneta","MacArthur Hwy Anonas",Urdaneta,9306000,3,2,66,172,16.00158340,120.57605610,528
"3BR House and Lot for Sale in Urdaneta, Pangasinan at Camella Urdaneta | Cara w/ CB 153sqm","MacArthur Hwy Anonas, Urdaneta","MacArthur Hwy Anonas",Urdaneta,8558000,3,2,66,153,16.00158340,120.57605610,529
"3BR House and Lot for Sale in Urdaneta, Pangasinan at Camella Urdaneta | Cara 246sqm","MacArthur Hwy Anonas, Urdaneta","MacArthur Hwy Anonas",Urdaneta,9029000,3,2,66,246,16.00158340,120.57605610,530
"RFO 2BR Townhouse for Sale in Urdaneta, Pangasinan at Camella Urdaneta | Margarita EU","MacArthur Hwy Anonas, Urdaneta","MacArthur Hwy Anonas",Urdaneta,4219000,2,1,46,56,16.00158340,120.57605610,531
"4BR SD House and Lot for Sale in Urdaneta, Pangasinan at Camella Urdaneta | Dani w/ CB 141sqm","MacArthur Hwy Anonas, Urdaneta","MacArthur Hwy Anonas",Urdaneta,8879000,4,3,83,141,16.00158340,120.57605610,532
